agent_id,year,decision,raw_skill,outcome,elevated,has_insurance,relocated
Agent_1,1,Only House Elevation,elevate_house,APPROVED,True,False,False
Agent_2,1,Do Nothing,do_nothing,APPROVED,False,False,False
Agent_3,1,Do Nothing,do_nothing,APPROVED,False,False,False
Agent_4,1,Do Nothing,do_nothing,APPROVED,False,False,False
Agent_5,1,Do Nothing,do_nothing,APPROVED,False,False,False
Agent_6,1,Do Nothing,do_nothing,APPROVED,False,False,False
Agent_7,1,Only House Elevation,elevate_house,APPROVED,True,False,False
Agent_8,1,Do Nothing,do_nothing,APPROVED,False,False,False
Agent_9,1,Do Nothing,do_nothing,APPROVED,False,False,False
Agent_10,1,Do Nothing,do_nothing,APPROVED,False,False,False
Agent_11,1,Do Nothing,do_nothing,APPROVED,False,False,False
Agent_12,1,Do Nothing,do_nothing,APPROVED,False,False,False
Agent_13,1,Do Nothing,do_nothing,APPROVED,False,False,False
Agent_14,1,Do Nothing,do_nothing,APPROVED,False,False,False
Agent_15,1,Do Nothing,do_nothing,APPROVED,False,False,False
Agent_16,1,Do Nothing,do_nothing,APPROVED,False,False,False
Agent_17,1,Do Nothing,do_nothing,APPROVED,False,False,False
Agent_18,1,Only House Elevation,elevate_house,APPROVED,True,False,False
Agent_19,1,Do Nothing,do_nothing,APPROVED,False,False,False
Agent_20,1,Do Nothing,do_nothing,APPROVED,False,False,False
Agent_21,1,Only House Elevation,elevate_house,APPROVED,True,False,False
Agent_22,1,Only House Elevation,elevate_house,APPROVED,True,False,False
Agent_23,1,Do Nothing,do_nothing,APPROVED,False,False,False
Agent_24,1,Do Nothing,do_nothing,APPROVED,False,False,False
Agent_25,1,Do Nothing,do_nothing,APPROVED,False,False,False
Agent_26,1,Do Nothing,do_nothing,APPROVED,False,False,False
Agent_27,1,Do Nothing,do_nothing,APPROVED,False,False,False
Agent_28,1,Do Nothing,do_nothing,APPROVED,False,False,False
Agent_29,1,Do Nothing,do_nothing,APPROVED,False,False,False
Agent_30,1,Do Nothing,do_nothing,APPROVED,False,False,False
Agent_31,1,Do Nothing,do_nothing,APPROVED,False,False,False
Agent_32,1,Do Nothing,do_nothing,APPROVED,False,False,False
Agent_33,1,Do Nothing,do_nothing,APPROVED,False,False,False
Agent_34,1,Do Nothing,do_nothing,APPROVED,False,False,False
Agent_35,1,Do Nothing,do_nothing,APPROVED,False,False,False
Agent_36,1,Do Nothing,do_nothing,APPROVED,False,False,False
Agent_37,1,Do Nothing,do_nothing,APPROVED,False,False,False
Agent_38,1,Do Nothing,do_nothing,APPROVED,False,False,False
Agent_39,1,Do Nothing,do_nothing,APPROVED,False,False,False
Agent_40,1,Do Nothing,do_nothing,APPROVED,False,False,False
Agent_41,1,Do Nothing,do_nothing,APPROVED,False,False,False
Agent_42,1,Do Nothing,do_nothing,APPROVED,False,False,False
Agent_43,1,Only House Elevation,elevate_house,APPROVED,True,False,False
Agent_44,1,Do Nothing,do_nothing,APPROVED,False,False,False
Agent_45,1,Do Nothing,do_nothing,APPROVED,False,False,False
Agent_46,1,Only House Elevation,elevate_house,APPROVED,True,False,False
Agent_47,1,Do Nothing,do_nothing,APPROVED,False,False,False
Agent_48,1,Do Nothing,do_nothing,APPROVED,False,False,False
Agent_49,1,Do Nothing,do_nothing,APPROVED,False,False,False
Agent_50,1,Only House Elevation,elevate_house,APPROVED,True,False,False
Agent_51,1,Do Nothing,do_nothing,APPROVED,False,False,False
Agent_52,1,Do Nothing,do_nothing,APPROVED,False,False,False
Agent_53,1,Do Nothing,do_nothing,APPROVED,False,False,False
Agent_54,1,Do Nothing,do_nothing,APPROVED,False,False,False
Agent_55,1,Do Nothing,do_nothing,APPROVED,False,False,False
Agent_56,1,Do Nothing,do_nothing,APPROVED,False,False,False
Agent_57,1,Only House Elevation,elevate_house,APPROVED,True,False,False
Agent_58,1,Do Nothing,do_nothing,APPROVED,False,False,False
Agent_59,1,Do Nothing,do_nothing,APPROVED,False,False,False
Agent_60,1,Only Flood Insurance,buy_insurance,APPROVED,False,True,False
Agent_61,1,Do Nothing,do_nothing,APPROVED,False,False,False
Agent_62,1,Do Nothing,do_nothing,APPROVED,False,False,False
Agent_63,1,Do Nothing,do_nothing,APPROVED,False,False,False
Agent_64,1,Do Nothing,do_nothing,APPROVED,False,False,False
Agent_65,1,Do Nothing,do_nothing,APPROVED,False,False,False
Agent_66,1,Do Nothing,do_nothing,APPROVED,False,False,False
Agent_67,1,Do Nothing,do_nothing,APPROVED,False,False,False
Agent_68,1,Do Nothing,do_nothing,APPROVED,False,False,False
Agent_69,1,Do Nothing,do_nothing,APPROVED,False,False,False
Agent_70,1,Do Nothing,do_nothing,APPROVED,False,False,False
Agent_71,1,Do Nothing,do_nothing,APPROVED,False,False,False
Agent_72,1,Do Nothing,do_nothing,APPROVED,False,False,False
Agent_73,1,Do Nothing,do_nothing,APPROVED,False,False,False
Agent_74,1,Do Nothing,do_nothing,APPROVED,False,False,False
Agent_75,1,Do Nothing,do_nothing,APPROVED,False,False,False
Agent_76,1,Do Nothing,do_nothing,APPROVED,False,False,False
Agent_77,1,Only House Elevation,elevate_house,APPROVED,True,False,False
Agent_78,1,Do Nothing,do_nothing,APPROVED,False,False,False
Agent_79,1,Do Nothing,do_nothing,APPROVED,False,False,False
Agent_80,1,Do Nothing,do_nothing,APPROVED,False,False,False
Agent_81,1,Do Nothing,do_nothing,APPROVED,False,False,False
Agent_82,1,Do Nothing,do_nothing,APPROVED,False,False,False
Agent_83,1,Do Nothing,do_nothing,APPROVED,False,False,False
Agent_84,1,Do Nothing,do_nothing,APPROVED,False,False,False
Agent_85,1,Do Nothing,do_nothing,APPROVED,False,False,False
Agent_86,1,Do Nothing,do_nothing,APPROVED,False,False,False
Agent_87,1,Do Nothing,do_nothing,APPROVED,False,False,False
Agent_88,1,Only House Elevation,elevate_house,APPROVED,True,False,False
Agent_89,1,Only House Elevation,elevate_house,APPROVED,True,False,False
Agent_90,1,Do Nothing,do_nothing,APPROVED,False,False,False
Agent_91,1,Do Nothing,do_nothing,APPROVED,False,False,False
Agent_92,1,Do Nothing,do_nothing,APPROVED,False,False,False
Agent_93,1,Do Nothing,do_nothing,APPROVED,False,False,False
Agent_94,1,Only House Elevation,elevate_house,APPROVED,True,False,False
Agent_95,1,Do Nothing,do_nothing,APPROVED,False,False,False
Agent_96,1,Do Nothing,do_nothing,APPROVED,False,False,False
Agent_97,1,Do Nothing,do_nothing,APPROVED,False,False,False
Agent_98,1,Do Nothing,do_nothing,APPROVED,False,False,False
Agent_99,1,Do Nothing,do_nothing,APPROVED,False,False,False
Agent_100,1,Do Nothing,do_nothing,APPROVED,False,False,False
Agent_1,2,Both Flood Insurance and House Elevation,buy_insurance,APPROVED,True,True,False
Agent_2,2,Only House Elevation,elevate_house,APPROVED,True,False,False
Agent_3,2,Do Nothing,do_nothing,APPROVED,False,False,False
Agent_4,2,Only House Elevation,elevate_house,APPROVED,True,False,False
Agent_5,2,Only House Elevation,elevate_house,APPROVED,True,False,False
Agent_6,2,Only House Elevation,elevate_house,APPROVED,True,False,False
Agent_7,2,Both Flood Insurance and House Elevation,buy_insurance,APPROVED,True,True,False
Agent_8,2,Only House Elevation,elevate_house,APPROVED,True,False,False
Agent_9,2,Only House Elevation,elevate_house,APPROVED,True,False,False
Agent_10,2,Do Nothing,do_nothing,APPROVED,False,False,False
Agent_11,2,Do Nothing,do_nothing,APPROVED,False,False,False
Agent_12,2,Do Nothing,do_nothing,APPROVED,False,False,False
Agent_13,2,Only House Elevation,elevate_house,APPROVED,True,False,False
Agent_14,2,Only House Elevation,elevate_house,APPROVED,True,False,False
Agent_15,2,Do Nothing,do_nothing,APPROVED,False,False,False
Agent_16,2,Only House Elevation,elevate_house,APPROVED,True,False,False
Agent_17,2,Only House Elevation,elevate_house,APPROVED,True,False,False
Agent_18,2,Both Flood Insurance and House Elevation,buy_insurance,APPROVED,True,True,False
Agent_19,2,Do Nothing,do_nothing,APPROVED,False,False,False
Agent_20,2,Only House Elevation,elevate_house,APPROVED,True,False,False
Agent_21,2,Both Flood Insurance and House Elevation,buy_insurance,APPROVED,True,True,False
Agent_22,2,Both Flood Insurance and House Elevation,buy_insurance,APPROVED,True,True,False
Agent_23,2,Do Nothing,do_nothing,APPROVED,False,False,False
Agent_24,2,Only House Elevation,elevate_house,APPROVED,True,False,False
Agent_25,2,Only House Elevation,elevate_house,APPROVED,True,False,False
Agent_26,2,Only House Elevation,elevate_house,APPROVED,True,False,False
Agent_27,2,Only House Elevation,elevate_house,APPROVED,True,False,False
Agent_28,2,Only House Elevation,elevate_house,APPROVED,True,False,False
Agent_29,2,Only House Elevation,elevate_house,APPROVED,True,False,False
Agent_30,2,Only House Elevation,elevate_house,APPROVED,True,False,False
Agent_31,2,Do Nothing,do_nothing,APPROVED,False,False,False
Agent_32,2,Only House Elevation,elevate_house,APPROVED,True,False,False
Agent_33,2,Only Flood Insurance,buy_insurance,APPROVED,False,True,False
Agent_34,2,Only House Elevation,elevate_house,APPROVED,True,False,False
Agent_35,2,Only Flood Insurance,buy_insurance,APPROVED,False,True,False
Agent_36,2,Only House Elevation,elevate_house,APPROVED,True,False,False
Agent_37,2,Only House Elevation,elevate_house,APPROVED,True,False,False
Agent_38,2,Do Nothing,do_nothing,APPROVED,False,False,False
Agent_39,2,Only House Elevation,elevate_house,APPROVED,True,False,False
Agent_40,2,Only House Elevation,elevate_house,APPROVED,True,False,False
Agent_41,2,Only House Elevation,elevate_house,APPROVED,True,False,False
Agent_42,2,Do Nothing,do_nothing,APPROVED,False,False,False
Agent_43,2,Only House Elevation,do_nothing,APPROVED,True,False,False
Agent_44,2,Only House Elevation,elevate_house,APPROVED,True,False,False
Agent_45,2,Only House Elevation,elevate_house,APPROVED,True,False,False
Agent_46,2,Both Flood Insurance and House Elevation,buy_insurance,APPROVED,True,True,False
Agent_47,2,Only House Elevation,elevate_house,APPROVED,True,False,False
Agent_48,2,Only House Elevation,elevate_house,APPROVED,True,False,False
Agent_49,2,Do Nothing,do_nothing,APPROVED,False,False,False
Agent_50,2,Both Flood Insurance and House Elevation,buy_insurance,APPROVED,True,True,False
Agent_51,2,Only House Elevation,elevate_house,APPROVED,True,False,False
Agent_52,2,Only House Elevation,elevate_house,APPROVED,True,False,False
Agent_53,2,Do Nothing,do_nothing,APPROVED,False,False,False
Agent_54,2,Only House Elevation,elevate_house,APPROVED,True,False,False
Agent_55,2,Do Nothing,do_nothing,APPROVED,False,False,False
Agent_56,2,Do Nothing,do_nothing,APPROVED,False,False,False
Agent_57,2,Both Flood Insurance and House Elevation,buy_insurance,APPROVED,True,True,False
Agent_58,2,Only House Elevation,elevate_house,APPROVED,True,False,False
Agent_59,2,Do Nothing,do_nothing,APPROVED,False,False,False
Agent_60,2,Do Nothing,do_nothing,APPROVED,False,False,False
Agent_61,2,Only House Elevation,elevate_house,APPROVED,True,False,False
Agent_62,2,Only House Elevation,elevate_house,APPROVED,True,False,False
Agent_63,2,Only House Elevation,elevate_house,APPROVED,True,False,False
Agent_64,2,Only Flood Insurance,buy_insurance,APPROVED,False,True,False
Agent_65,2,Only House Elevation,elevate_house,APPROVED,True,False,False
Agent_66,2,Do Nothing,do_nothing,APPROVED,False,False,False
Agent_67,2,Only House Elevation,elevate_house,APPROVED,True,False,False
Agent_68,2,Only House Elevation,elevate_house,APPROVED,True,False,False
Agent_69,2,Only House Elevation,elevate_house,APPROVED,True,False,False
Agent_70,2,Only Flood Insurance,buy_insurance,APPROVED,False,True,False
Agent_71,2,Only House Elevation,elevate_house,APPROVED,True,False,False
Agent_72,2,Do Nothing,do_nothing,APPROVED,False,False,False
Agent_73,2,Do Nothing,do_nothing,APPROVED,False,False,False
Agent_74,2,Only House Elevation,elevate_house,APPROVED,True,False,False
Agent_75,2,Only House Elevation,elevate_house,APPROVED,True,False,False
Agent_76,2,Do Nothing,do_nothing,APPROVED,False,False,False
Agent_77,2,Both Flood Insurance and House Elevation,buy_insurance,APPROVED,True,True,False
Agent_78,2,Only House Elevation,elevate_house,APPROVED,True,False,False
Agent_79,2,Do Nothing,do_nothing,APPROVED,False,False,False
Agent_80,2,Only House Elevation,elevate_house,APPROVED,True,False,False
Agent_81,2,Only House Elevation,elevate_house,APPROVED,True,False,False
Agent_82,2,Only House Elevation,elevate_house,APPROVED,True,False,False
Agent_83,2,Only House Elevation,elevate_house,APPROVED,True,False,False
Agent_84,2,Only House Elevation,elevate_house,APPROVED,True,False,False
Agent_85,2,Only House Elevation,elevate_house,APPROVED,True,False,False
Agent_86,2,Only House Elevation,elevate_house,APPROVED,True,False,False
Agent_87,2,Do Nothing,do_nothing,APPROVED,False,False,False
Agent_88,2,Both Flood Insurance and House Elevation,buy_insurance,APPROVED,True,True,False
Agent_89,2,Both Flood Insurance and House Elevation,buy_insurance,APPROVED,True,True,False
Agent_90,2,Only House Elevation,elevate_house,APPROVED,True,False,False
Agent_91,2,Do Nothing,do_nothing,APPROVED,False,False,False
Agent_92,2,Only House Elevation,elevate_house,APPROVED,True,False,False
Agent_93,2,Only House Elevation,elevate_house,APPROVED,True,False,False
Agent_94,2,Both Flood Insurance and House Elevation,buy_insurance,APPROVED,True,True,False
Agent_95,2,Only House Elevation,elevate_house,APPROVED,True,False,False
Agent_96,2,Do Nothing,do_nothing,APPROVED,False,False,False
Agent_97,2,Only House Elevation,elevate_house,APPROVED,True,False,False
Agent_98,2,Only House Elevation,elevate_house,APPROVED,True,False,False
Agent_99,2,Only House Elevation,elevate_house,APPROVED,True,False,False
Agent_100,2,Only House Elevation,elevate_house,APPROVED,True,False,False
Agent_1,3,Both Flood Insurance and House Elevation,buy_insurance,APPROVED,True,True,False
Agent_2,3,Both Flood Insurance and House Elevation,buy_insurance,APPROVED,True,True,False
Agent_3,3,Only House Elevation,elevate_house,APPROVED,True,False,False
Agent_4,3,Both Flood Insurance and House Elevation,buy_insurance,APPROVED,True,True,False
Agent_5,3,Both Flood Insurance and House Elevation,buy_insurance,APPROVED,True,True,False
Agent_6,3,Both Flood Insurance and House Elevation,buy_insurance,APPROVED,True,True,False
Agent_7,3,Both Flood Insurance and House Elevation,buy_insurance,APPROVED,True,True,False
Agent_8,3,Both Flood Insurance and House Elevation,buy_insurance,APPROVED,True,True,False
Agent_9,3,Both Flood Insurance and House Elevation,buy_insurance,APPROVED,True,True,False
Agent_10,3,Only House Elevation,elevate_house,APPROVED,True,False,False
Agent_11,3,Only House Elevation,elevate_house,APPROVED,True,False,False
Agent_12,3,Only House Elevation,elevate_house,APPROVED,True,False,False
Agent_13,3,Both Flood Insurance and House Elevation,buy_insurance,APPROVED,True,True,False
Agent_14,3,Both Flood Insurance and House Elevation,buy_insurance,APPROVED,True,True,False
Agent_15,3,Only House Elevation,elevate_house,APPROVED,True,False,False
Agent_16,3,Both Flood Insurance and House Elevation,buy_insurance,APPROVED,True,True,False
Agent_17,3,Both Flood Insurance and House Elevation,buy_insurance,APPROVED,True,True,False
Agent_18,3,Both Flood Insurance and House Elevation,buy_insurance,APPROVED,True,True,False
Agent_19,3,Only House Elevation,elevate_house,APPROVED,True,False,False
Agent_20,3,Both Flood Insurance and House Elevation,buy_insurance,APPROVED,True,True,False
Agent_21,3,Both Flood Insurance and House Elevation,buy_insurance,APPROVED,True,True,False
Agent_22,3,Both Flood Insurance and House Elevation,buy_insurance,APPROVED,True,True,False
Agent_23,3,Only House Elevation,elevate_house,APPROVED,True,False,False
Agent_24,3,Both Flood Insurance and House Elevation,buy_insurance,APPROVED,True,True,False
Agent_25,3,Both Flood Insurance and House Elevation,buy_insurance,APPROVED,True,True,False
Agent_26,3,Both Flood Insurance and House Elevation,buy_insurance,APPROVED,True,True,False
Agent_27,3,Both Flood Insurance and House Elevation,buy_insurance,APPROVED,True,True,False
Agent_28,3,Both Flood Insurance and House Elevation,buy_insurance,APPROVED,True,True,False
Agent_29,3,Both Flood Insurance and House Elevation,buy_insurance,APPROVED,True,True,False
Agent_30,3,Both Flood Insurance and House Elevation,buy_insurance,APPROVED,True,True,False
Agent_31,3,Only House Elevation,elevate_house,APPROVED,True,False,False
Agent_32,3,Both Flood Insurance and House Elevation,buy_insurance,APPROVED,True,True,False
Agent_33,3,Only House Elevation,elevate_house,APPROVED,True,False,False
Agent_34,3,Both Flood Insurance and House Elevation,buy_insurance,APPROVED,True,True,False
Agent_35,3,Only House Elevation,elevate_house,APPROVED,True,False,False
Agent_36,3,Both Flood Insurance and House Elevation,buy_insurance,APPROVED,True,True,False
Agent_37,3,Both Flood Insurance and House Elevation,buy_insurance,APPROVED,True,True,False
Agent_38,3,Only House Elevation,elevate_house,APPROVED,True,False,False
Agent_39,3,Both Flood Insurance and House Elevation,buy_insurance,APPROVED,True,True,False
Agent_40,3,Both Flood Insurance and House Elevation,buy_insurance,APPROVED,True,True,False
Agent_41,3,Both Flood Insurance and House Elevation,buy_insurance,APPROVED,True,True,False
Agent_42,3,Only House Elevation,elevate_house,APPROVED,True,False,False
Agent_43,3,Both Flood Insurance and House Elevation,buy_insurance,APPROVED,True,True,False
Agent_44,3,Both Flood Insurance and House Elevation,buy_insurance,APPROVED,True,True,False
Agent_45,3,Both Flood Insurance and House Elevation,buy_insurance,APPROVED,True,True,False
Agent_46,3,Both Flood Insurance and House Elevation,buy_insurance,APPROVED,True,True,False
Agent_47,3,Both Flood Insurance and House Elevation,buy_insurance,APPROVED,True,True,False
Agent_48,3,Both Flood Insurance and House Elevation,buy_insurance,APPROVED,True,True,False
Agent_49,3,Only House Elevation,elevate_house,APPROVED,True,False,False
Agent_50,3,Both Flood Insurance and House Elevation,buy_insurance,APPROVED,True,True,False
Agent_51,3,Both Flood Insurance and House Elevation,buy_insurance,APPROVED,True,True,False
Agent_52,3,Both Flood Insurance and House Elevation,buy_insurance,APPROVED,True,True,False
Agent_53,3,Only House Elevation,elevate_house,APPROVED,True,False,False
Agent_54,3,Both Flood Insurance and House Elevation,buy_insurance,APPROVED,True,True,False
Agent_55,3,Only Flood Insurance,buy_insurance,APPROVED,False,True,False
Agent_56,3,Only House Elevation,elevate_house,APPROVED,True,False,False
Agent_57,3,Both Flood Insurance and House Elevation,buy_insurance,APPROVED,True,True,False
Agent_58,3,Both Flood Insurance and House Elevation,buy_insurance,APPROVED,True,True,False
Agent_59,3,Only House Elevation,elevate_house,APPROVED,True,False,False
Agent_60,3,Only House Elevation,elevate_house,APPROVED,True,False,False
Agent_61,3,Both Flood Insurance and House Elevation,buy_insurance,APPROVED,True,True,False
Agent_62,3,Both Flood Insurance and House Elevation,buy_insurance,APPROVED,True,True,False
Agent_63,3,Both Flood Insurance and House Elevation,buy_insurance,APPROVED,True,True,False
Agent_64,3,Only House Elevation,elevate_house,APPROVED,True,False,False
Agent_65,3,Both Flood Insurance and House Elevation,buy_insurance,APPROVED,True,True,False
Agent_66,3,Only House Elevation,elevate_house,APPROVED,True,False,False
Agent_67,3,Both Flood Insurance and House Elevation,buy_insurance,APPROVED,True,True,False
Agent_68,3,Both Flood Insurance and House Elevation,buy_insurance,APPROVED,True,True,False
Agent_69,3,Both Flood Insurance and House Elevation,buy_insurance,APPROVED,True,True,False
Agent_70,3,Only House Elevation,elevate_house,APPROVED,True,False,False
Agent_71,3,Both Flood Insurance and House Elevation,buy_insurance,APPROVED,True,True,False
Agent_72,3,Only House Elevation,elevate_house,APPROVED,True,False,False
Agent_73,3,Only House Elevation,elevate_house,APPROVED,True,False,False
Agent_74,3,Both Flood Insurance and House Elevation,buy_insurance,APPROVED,True,True,False
Agent_75,3,Both Flood Insurance and House Elevation,buy_insurance,APPROVED,True,True,False
Agent_76,3,Only House Elevation,elevate_house,APPROVED,True,False,False
Agent_77,3,Both Flood Insurance and House Elevation,buy_insurance,APPROVED,True,True,False
Agent_78,3,Both Flood Insurance and House Elevation,buy_insurance,APPROVED,True,True,False
Agent_79,3,Only House Elevation,elevate_house,APPROVED,True,False,False
Agent_80,3,Both Flood Insurance and House Elevation,buy_insurance,APPROVED,True,True,False
Agent_81,3,Both Flood Insurance and House Elevation,buy_insurance,APPROVED,True,True,False
Agent_82,3,Both Flood Insurance and House Elevation,buy_insurance,APPROVED,True,True,False
Agent_83,3,Both Flood Insurance and House Elevation,buy_insurance,APPROVED,True,True,False
Agent_84,3,Both Flood Insurance and House Elevation,buy_insurance,APPROVED,True,True,False
Agent_85,3,Both Flood Insurance and House Elevation,buy_insurance,APPROVED,True,True,False
Agent_86,3,Both Flood Insurance and House Elevation,buy_insurance,APPROVED,True,True,False
Agent_87,3,Only House Elevation,elevate_house,APPROVED,True,False,False
Agent_88,3,Both Flood Insurance and House Elevation,buy_insurance,APPROVED,True,True,False
Agent_89,3,Both Flood Insurance and House Elevation,buy_insurance,APPROVED,True,True,False
Agent_90,3,Both Flood Insurance and House Elevation,buy_insurance,APPROVED,True,True,False
Agent_91,3,Only House Elevation,elevate_house,APPROVED,True,False,False
Agent_92,3,Both Flood Insurance and House Elevation,buy_insurance,APPROVED,True,True,False
Agent_93,3,Both Flood Insurance and House Elevation,buy_insurance,APPROVED,True,True,False
Agent_94,3,Both Flood Insurance and House Elevation,buy_insurance,APPROVED,True,True,False
Agent_95,3,Both Flood Insurance and House Elevation,buy_insurance,APPROVED,True,True,False
Agent_96,3,Only House Elevation,elevate_house,APPROVED,True,False,False
Agent_97,3,Both Flood Insurance and House Elevation,buy_insurance,APPROVED,True,True,False
Agent_98,3,Both Flood Insurance and House Elevation,buy_insurance,APPROVED,True,True,False
Agent_99,3,Both Flood Insurance and House Elevation,buy_insurance,APPROVED,True,True,False
Agent_100,3,Both Flood Insurance and House Elevation,buy_insurance,APPROVED,True,True,False
Agent_1,4,Both Flood Insurance and House Elevation,buy_insurance,APPROVED,True,True,False
Agent_2,4,Both Flood Insurance and House Elevation,buy_insurance,APPROVED,True,True,False
Agent_3,4,Both Flood Insurance and House Elevation,buy_insurance,APPROVED,True,True,False
Agent_4,4,Both Flood Insurance and House Elevation,buy_insurance,APPROVED,True,True,False
Agent_5,4,Both Flood Insurance and House Elevation,buy_insurance,APPROVED,True,True,False
Agent_6,4,Both Flood Insurance and House Elevation,buy_insurance,APPROVED,True,True,False
Agent_7,4,Both Flood Insurance and House Elevation,buy_insurance,APPROVED,True,True,False
Agent_8,4,Both Flood Insurance and House Elevation,buy_insurance,APPROVED,True,True,False
Agent_9,4,Both Flood Insurance and House Elevation,buy_insurance,APPROVED,True,True,False
Agent_10,4,Both Flood Insurance and House Elevation,buy_insurance,APPROVED,True,True,False
Agent_11,4,Both Flood Insurance and House Elevation,buy_insurance,APPROVED,True,True,False
Agent_12,4,Both Flood Insurance and House Elevation,buy_insurance,APPROVED,True,True,False
Agent_13,4,Both Flood Insurance and House Elevation,buy_insurance,APPROVED,True,True,False
Agent_14,4,Both Flood Insurance and House Elevation,buy_insurance,APPROVED,True,True,False
Agent_15,4,Both Flood Insurance and House Elevation,buy_insurance,APPROVED,True,True,False
Agent_16,4,Both Flood Insurance and House Elevation,buy_insurance,APPROVED,True,True,False
Agent_17,4,Both Flood Insurance and House Elevation,buy_insurance,APPROVED,True,True,False
Agent_18,4,Both Flood Insurance and House Elevation,buy_insurance,APPROVED,True,True,False
Agent_19,4,Both Flood Insurance and House Elevation,buy_insurance,APPROVED,True,True,False
Agent_20,4,Both Flood Insurance and House Elevation,buy_insurance,APPROVED,True,True,False
Agent_21,4,Both Flood Insurance and House Elevation,buy_insurance,APPROVED,True,True,False
Agent_22,4,Both Flood Insurance and House Elevation,buy_insurance,APPROVED,True,True,False
Agent_23,4,Both Flood Insurance and House Elevation,buy_insurance,APPROVED,True,True,False
Agent_24,4,Both Flood Insurance and House Elevation,buy_insurance,APPROVED,True,True,False
Agent_25,4,Both Flood Insurance and House Elevation,buy_insurance,APPROVED,True,True,False
Agent_26,4,Both Flood Insurance and House Elevation,buy_insurance,APPROVED,True,True,False
Agent_27,4,Both Flood Insurance and House Elevation,buy_insurance,APPROVED,True,True,False
Agent_28,4,Both Flood Insurance and House Elevation,buy_insurance,APPROVED,True,True,False
Agent_29,4,Both Flood Insurance and House Elevation,buy_insurance,APPROVED,True,True,False
Agent_30,4,Both Flood Insurance and House Elevation,buy_insurance,APPROVED,True,True,False
Agent_31,4,Both Flood Insurance and House Elevation,buy_insurance,APPROVED,True,True,False
Agent_32,4,Both Flood Insurance and House Elevation,buy_insurance,APPROVED,True,True,False
Agent_33,4,Both Flood Insurance and House Elevation,buy_insurance,APPROVED,True,True,False
Agent_34,4,Both Flood Insurance and House Elevation,buy_insurance,APPROVED,True,True,False
Agent_35,4,Both Flood Insurance and House Elevation,buy_insurance,APPROVED,True,True,False
Agent_36,4,Both Flood Insurance and House Elevation,buy_insurance,APPROVED,True,True,False
Agent_37,4,Both Flood Insurance and House Elevation,buy_insurance,APPROVED,True,True,False
Agent_38,4,Both Flood Insurance and House Elevation,buy_insurance,APPROVED,True,True,False
Agent_39,4,Both Flood Insurance and House Elevation,buy_insurance,APPROVED,True,True,False
Agent_40,4,Both Flood Insurance and House Elevation,buy_insurance,APPROVED,True,True,False
Agent_41,4,Both Flood Insurance and House Elevation,buy_insurance,APPROVED,True,True,False
Agent_42,4,Both Flood Insurance and House Elevation,buy_insurance,APPROVED,True,True,False
Agent_43,4,Both Flood Insurance and House Elevation,buy_insurance,APPROVED,True,True,False
Agent_44,4,Both Flood Insurance and House Elevation,buy_insurance,APPROVED,True,True,False
Agent_45,4,Both Flood Insurance and House Elevation,buy_insurance,APPROVED,True,True,False
Agent_46,4,Both Flood Insurance and House Elevation,buy_insurance,APPROVED,True,True,False
Agent_47,4,Both Flood Insurance and House Elevation,buy_insurance,APPROVED,True,True,False
Agent_48,4,Both Flood Insurance and House Elevation,buy_insurance,APPROVED,True,True,False
Agent_49,4,Both Flood Insurance and House Elevation,buy_insurance,APPROVED,True,True,False
Agent_50,4,Both Flood Insurance and House Elevation,buy_insurance,APPROVED,True,True,False
Agent_51,4,Both Flood Insurance and House Elevation,buy_insurance,APPROVED,True,True,False
Agent_52,4,Both Flood Insurance and House Elevation,buy_insurance,APPROVED,True,True,False
Agent_53,4,Both Flood Insurance and House Elevation,buy_insurance,APPROVED,True,True,False
Agent_54,4,Both Flood Insurance and House Elevation,buy_insurance,APPROVED,True,True,False
Agent_55,4,Only House Elevation,elevate_house,APPROVED,True,False,False
Agent_56,4,Both Flood Insurance and House Elevation,buy_insurance,APPROVED,True,True,False
Agent_57,4,Both Flood Insurance and House Elevation,buy_insurance,APPROVED,True,True,False
Agent_58,4,Both Flood Insurance and House Elevation,buy_insurance,APPROVED,True,True,False
Agent_59,4,Both Flood Insurance and House Elevation,buy_insurance,APPROVED,True,True,False
Agent_60,4,Both Flood Insurance and House Elevation,buy_insurance,APPROVED,True,True,False
Agent_61,4,Both Flood Insurance and House Elevation,buy_insurance,APPROVED,True,True,False
Agent_62,4,Both Flood Insurance and House Elevation,buy_insurance,APPROVED,True,True,False
Agent_63,4,Both Flood Insurance and House Elevation,buy_insurance,APPROVED,True,True,False
Agent_64,4,Both Flood Insurance and House Elevation,buy_insurance,APPROVED,True,True,False
Agent_65,4,Both Flood Insurance and House Elevation,buy_insurance,APPROVED,True,True,False
Agent_66,4,Both Flood Insurance and House Elevation,buy_insurance,APPROVED,True,True,False
Agent_67,4,Both Flood Insurance and House Elevation,buy_insurance,APPROVED,True,True,False
Agent_68,4,Both Flood Insurance and House Elevation,buy_insurance,APPROVED,True,True,False
Agent_69,4,Both Flood Insurance and House Elevation,buy_insurance,APPROVED,True,True,False
Agent_70,4,Both Flood Insurance and House Elevation,buy_insurance,APPROVED,True,True,False
Agent_71,4,Both Flood Insurance and House Elevation,buy_insurance,APPROVED,True,True,False
Agent_72,4,Both Flood Insurance and House Elevation,buy_insurance,APPROVED,True,True,False
Agent_73,4,Both Flood Insurance and House Elevation,buy_insurance,APPROVED,True,True,False
Agent_74,4,Both Flood Insurance and House Elevation,buy_insurance,APPROVED,True,True,False
Agent_75,4,Both Flood Insurance and House Elevation,buy_insurance,APPROVED,True,True,False
Agent_76,4,Both Flood Insurance and House Elevation,buy_insurance,APPROVED,True,True,False
Agent_77,4,Both Flood Insurance and House Elevation,buy_insurance,APPROVED,True,True,False
Agent_78,4,Both Flood Insurance and House Elevation,buy_insurance,APPROVED,True,True,False
Agent_79,4,Both Flood Insurance and House Elevation,buy_insurance,APPROVED,True,True,False
Agent_80,4,Both Flood Insurance and House Elevation,buy_insurance,APPROVED,True,True,False
Agent_81,4,Both Flood Insurance and House Elevation,buy_insurance,APPROVED,True,True,False
Agent_82,4,Both Flood Insurance and House Elevation,buy_insurance,APPROVED,True,True,False
Agent_83,4,Both Flood Insurance and House Elevation,buy_insurance,APPROVED,True,True,False
Agent_84,4,Both Flood Insurance and House Elevation,buy_insurance,APPROVED,True,True,False
Agent_85,4,Both Flood Insurance and House Elevation,buy_insurance,APPROVED,True,True,False
Agent_86,4,Both Flood Insurance and House Elevation,buy_insurance,APPROVED,True,True,False
Agent_87,4,Both Flood Insurance and House Elevation,buy_insurance,APPROVED,True,True,False
Agent_88,4,Both Flood Insurance and House Elevation,buy_insurance,APPROVED,True,True,False
Agent_89,4,Both Flood Insurance and House Elevation,buy_insurance,APPROVED,True,True,False
Agent_90,4,Both Flood Insurance and House Elevation,buy_insurance,APPROVED,True,True,False
Agent_91,4,Both Flood Insurance and House Elevation,buy_insurance,APPROVED,True,True,False
Agent_92,4,Relocate,relocate,APPROVED,True,True,True
Agent_93,4,Both Flood Insurance and House Elevation,buy_insurance,APPROVED,True,True,False
Agent_94,4,Both Flood Insurance and House Elevation,buy_insurance,APPROVED,True,True,False
Agent_95,4,Both Flood Insurance and House Elevation,buy_insurance,APPROVED,True,True,False
Agent_96,4,Both Flood Insurance and House Elevation,buy_insurance,APPROVED,True,True,False
Agent_97,4,Both Flood Insurance and House Elevation,buy_insurance,APPROVED,True,True,False
Agent_98,4,Both Flood Insurance and House Elevation,buy_insurance,APPROVED,True,True,False
Agent_99,4,Both Flood Insurance and House Elevation,buy_insurance,APPROVED,True,True,False
Agent_100,4,Both Flood Insurance and House Elevation,buy_insurance,APPROVED,True,True,False
Agent_1,5,Only House Elevation,do_nothing,APPROVED,True,False,False
Agent_2,5,Only House Elevation,do_nothing,APPROVED,True,False,False
Agent_3,5,Both Flood Insurance and House Elevation,buy_insurance,APPROVED,True,True,False
Agent_4,5,Only House Elevation,do_nothing,APPROVED,True,False,False
Agent_5,5,Only House Elevation,do_nothing,APPROVED,True,False,False
Agent_6,5,Both Flood Insurance and House Elevation,buy_insurance,APPROVED,True,True,False
Agent_7,5,Both Flood Insurance and House Elevation,buy_insurance,APPROVED,True,True,False
Agent_8,5,Both Flood Insurance and House Elevation,buy_insurance,APPROVED,True,True,False
Agent_9,5,Only House Elevation,do_nothing,APPROVED,True,False,False
Agent_10,5,Both Flood Insurance and House Elevation,buy_insurance,APPROVED,True,True,False
Agent_11,5,Only House Elevation,do_nothing,APPROVED,True,False,False
Agent_12,5,Both Flood Insurance and House Elevation,buy_insurance,APPROVED,True,True,False
Agent_13,5,Only House Elevation,do_nothing,APPROVED,True,False,False
Agent_14,5,Both Flood Insurance and House Elevation,buy_insurance,APPROVED,True,True,False
Agent_15,5,Only House Elevation,do_nothing,APPROVED,True,False,False
Agent_16,5,Only House Elevation,do_nothing,APPROVED,True,False,False
Agent_17,5,Only House Elevation,do_nothing,APPROVED,True,False,False
Agent_18,5,Only House Elevation,do_nothing,APPROVED,True,False,False
Agent_19,5,Only House Elevation,do_nothing,APPROVED,True,False,False
Agent_20,5,Only House Elevation,do_nothing,APPROVED,True,False,False
Agent_21,5,Both Flood Insurance and House Elevation,buy_insurance,APPROVED,True,True,False
Agent_22,5,Only House Elevation,do_nothing,APPROVED,True,False,False
Agent_23,5,Both Flood Insurance and House Elevation,buy_insurance,APPROVED,True,True,False
Agent_24,5,Only House Elevation,do_nothing,APPROVED,True,False,False
Agent_25,5,Both Flood Insurance and House Elevation,buy_insurance,APPROVED,True,True,False
Agent_26,5,Only House Elevation,do_nothing,APPROVED,True,False,False
Agent_27,5,Only House Elevation,do_nothing,APPROVED,True,False,False
Agent_28,5,Relocate,relocate,APPROVED,True,True,True
Agent_29,5,Both Flood Insurance and House Elevation,buy_insurance,APPROVED,True,True,False
Agent_30,5,Only House Elevation,do_nothing,APPROVED,True,False,False
Agent_31,5,Both Flood Insurance and House Elevation,buy_insurance,APPROVED,True,True,False
Agent_32,5,Only House Elevation,do_nothing,APPROVED,True,False,False
Agent_33,5,Both Flood Insurance and House Elevation,buy_insurance,APPROVED,True,True,False
Agent_34,5,Both Flood Insurance and House Elevation,buy_insurance,APPROVED,True,True,False
Agent_35,5,Both Flood Insurance and House Elevation,buy_insurance,APPROVED,True,True,False
Agent_36,5,Both Flood Insurance and House Elevation,buy_insurance,APPROVED,True,True,False
Agent_37,5,Both Flood Insurance and House Elevation,buy_insurance,APPROVED,True,True,False
Agent_38,5,Both Flood Insurance and House Elevation,buy_insurance,APPROVED,True,True,False
Agent_39,5,Only House Elevation,do_nothing,APPROVED,True,False,False
Agent_40,5,Only House Elevation,do_nothing,APPROVED,True,False,False
Agent_41,5,Both Flood Insurance and House Elevation,buy_insurance,APPROVED,True,True,False
Agent_42,5,Both Flood Insurance and House Elevation,buy_insurance,APPROVED,True,True,False
Agent_43,5,Both Flood Insurance and House Elevation,buy_insurance,APPROVED,True,True,False
Agent_44,5,Only House Elevation,do_nothing,APPROVED,True,False,False
Agent_45,5,Only House Elevation,do_nothing,APPROVED,True,False,False
Agent_46,5,Only House Elevation,do_nothing,APPROVED,True,False,False
Agent_47,5,Both Flood Insurance and House Elevation,buy_insurance,APPROVED,True,True,False
Agent_48,5,Only House Elevation,do_nothing,APPROVED,True,False,False
Agent_49,5,Only House Elevation,do_nothing,APPROVED,True,False,False
Agent_50,5,Only House Elevation,do_nothing,APPROVED,True,False,False
Agent_51,5,Both Flood Insurance and House Elevation,buy_insurance,APPROVED,True,True,False
Agent_52,5,Only House Elevation,do_nothing,APPROVED,True,False,False
Agent_53,5,Both Flood Insurance and House Elevation,buy_insurance,APPROVED,True,True,False
Agent_54,5,Only House Elevation,do_nothing,APPROVED,True,False,False
Agent_55,5,Only House Elevation,do_nothing,APPROVED,True,False,False
Agent_56,5,Only House Elevation,do_nothing,APPROVED,True,False,False
Agent_57,5,Only House Elevation,do_nothing,APPROVED,True,False,False
Agent_58,5,Both Flood Insurance and House Elevation,buy_insurance,APPROVED,True,True,False
Agent_59,5,Only House Elevation,do_nothing,APPROVED,True,False,False
Agent_60,5,Only House Elevation,do_nothing,APPROVED,True,False,False
Agent_61,5,Only House Elevation,do_nothing,APPROVED,True,False,False
Agent_62,5,Both Flood Insurance and House Elevation,buy_insurance,APPROVED,True,True,False
Agent_63,5,Only House Elevation,do_nothing,APPROVED,True,False,False
Agent_64,5,Both Flood Insurance and House Elevation,buy_insurance,APPROVED,True,True,False
Agent_65,5,Only House Elevation,do_nothing,APPROVED,True,False,False
Agent_66,5,Both Flood Insurance and House Elevation,buy_insurance,APPROVED,True,True,False
Agent_67,5,Both Flood Insurance and House Elevation,buy_insurance,APPROVED,True,True,False
Agent_68,5,Only House Elevation,do_nothing,APPROVED,True,False,False
Agent_69,5,Only House Elevation,do_nothing,APPROVED,True,False,False
Agent_70,5,Both Flood Insurance and House Elevation,buy_insurance,APPROVED,True,True,False
Agent_71,5,Only House Elevation,do_nothing,APPROVED,True,False,False
Agent_72,5,Both Flood Insurance and House Elevation,buy_insurance,APPROVED,True,True,False
Agent_73,5,Only House Elevation,do_nothing,APPROVED,True,False,False
Agent_74,5,Only House Elevation,do_nothing,APPROVED,True,False,False
Agent_75,5,Both Flood Insurance and House Elevation,buy_insurance,APPROVED,True,True,False
Agent_76,5,Only House Elevation,do_nothing,APPROVED,True,False,False
Agent_77,5,Only House Elevation,do_nothing,APPROVED,True,False,False
Agent_78,5,Only House Elevation,do_nothing,APPROVED,True,False,False
Agent_79,5,Both Flood Insurance and House Elevation,buy_insurance,APPROVED,True,True,False
Agent_80,5,Only House Elevation,do_nothing,APPROVED,True,False,False
Agent_81,5,Both Flood Insurance and House Elevation,buy_insurance,APPROVED,True,True,False
Agent_82,5,Only House Elevation,do_nothing,APPROVED,True,False,False
Agent_83,5,Both Flood Insurance and House Elevation,buy_insurance,APPROVED,True,True,False
Agent_84,5,Both Flood Insurance and House Elevation,buy_insurance,APPROVED,True,True,False
Agent_85,5,Only House Elevation,do_nothing,APPROVED,True,False,False
Agent_86,5,Only House Elevation,do_nothing,APPROVED,True,False,False
Agent_87,5,Only House Elevation,do_nothing,APPROVED,True,False,False
Agent_88,5,Both Flood Insurance and House Elevation,buy_insurance,APPROVED,True,True,False
Agent_89,5,Both Flood Insurance and House Elevation,buy_insurance,APPROVED,True,True,False
Agent_90,5,Only House Elevation,do_nothing,APPROVED,True,False,False
Agent_91,5,Both Flood Insurance and House Elevation,buy_insurance,APPROVED,True,True,False
Agent_93,5,Only House Elevation,do_nothing,APPROVED,True,False,False
Agent_94,5,Only House Elevation,do_nothing,APPROVED,True,False,False
Agent_95,5,Only House Elevation,do_nothing,APPROVED,True,False,False
Agent_96,5,Both Flood Insurance and House Elevation,buy_insurance,APPROVED,True,True,False
Agent_97,5,Both Flood Insurance and House Elevation,buy_insurance,APPROVED,True,True,False
Agent_98,5,Only House Elevation,do_nothing,APPROVED,True,False,False
Agent_99,5,Only House Elevation,do_nothing,APPROVED,True,False,False
Agent_100,5,Both Flood Insurance and House Elevation,buy_insurance,APPROVED,True,True,False
Agent_1,6,Both Flood Insurance and House Elevation,buy_insurance,APPROVED,True,True,False
Agent_2,6,Both Flood Insurance and House Elevation,buy_insurance,APPROVED,True,True,False
Agent_3,6,Only House Elevation,do_nothing,APPROVED,True,False,False
Agent_4,6,Only House Elevation,do_nothing,APPROVED,True,False,False
Agent_5,6,Only House Elevation,do_nothing,APPROVED,True,False,False
Agent_6,6,Both Flood Insurance and House Elevation,buy_insurance,APPROVED,True,True,False
Agent_7,6,Only House Elevation,do_nothing,APPROVED,True,False,False
Agent_8,6,Both Flood Insurance and House Elevation,buy_insurance,APPROVED,True,True,False
Agent_9,6,Only House Elevation,do_nothing,APPROVED,True,False,False
Agent_10,6,Only House Elevation,do_nothing,APPROVED,True,False,False
Agent_11,6,Both Flood Insurance and House Elevation,buy_insurance,APPROVED,True,True,False
Agent_12,6,Only House Elevation,do_nothing,APPROVED,True,False,False
Agent_13,6,Only House Elevation,do_nothing,APPROVED,True,False,False
Agent_14,6,Only House Elevation,do_nothing,APPROVED,True,False,False
Agent_15,6,Both Flood Insurance and House Elevation,buy_insurance,APPROVED,True,True,False
Agent_16,6,Both Flood Insurance and House Elevation,buy_insurance,APPROVED,True,True,False
Agent_17,6,Both Flood Insurance and House Elevation,buy_insurance,APPROVED,True,True,False
Agent_18,6,Both Flood Insurance and House Elevation,buy_insurance,APPROVED,True,True,False
Agent_19,6,Both Flood Insurance and House Elevation,buy_insurance,APPROVED,True,True,False
Agent_20,6,Both Flood Insurance and House Elevation,buy_insurance,APPROVED,True,True,False
Agent_21,6,Both Flood Insurance and House Elevation,buy_insurance,APPROVED,True,True,False
Agent_22,6,Both Flood Insurance and House Elevation,buy_insurance,APPROVED,True,True,False
Agent_23,6,Only House Elevation,do_nothing,APPROVED,True,False,False
Agent_24,6,Both Flood Insurance and House Elevation,buy_insurance,APPROVED,True,True,False
Agent_25,6,Only House Elevation,do_nothing,APPROVED,True,False,False
Agent_26,6,Both Flood Insurance and House Elevation,buy_insurance,APPROVED,True,True,False
Agent_27,6,Both Flood Insurance and House Elevation,buy_insurance,APPROVED,True,True,False
Agent_29,6,Only House Elevation,do_nothing,APPROVED,True,False,False
Agent_30,6,Only House Elevation,do_nothing,APPROVED,True,False,False
Agent_31,6,Only House Elevation,do_nothing,APPROVED,True,False,False
Agent_32,6,Both Flood Insurance and House Elevation,buy_insurance,APPROVED,True,True,False
Agent_33,6,Only House Elevation,do_nothing,APPROVED,True,False,False
Agent_34,6,Only House Elevation,do_nothing,APPROVED,True,False,False
Agent_35,6,Both Flood Insurance and House Elevation,buy_insurance,APPROVED,True,True,False
Agent_36,6,Only House Elevation,do_nothing,APPROVED,True,False,False
Agent_37,6,Only House Elevation,do_nothing,APPROVED,True,False,False
Agent_38,6,Only House Elevation,do_nothing,APPROVED,True,False,False
Agent_39,6,Both Flood Insurance and House Elevation,buy_insurance,APPROVED,True,True,False
Agent_40,6,Both Flood Insurance and House Elevation,buy_insurance,APPROVED,True,True,False
Agent_41,6,Both Flood Insurance and House Elevation,buy_insurance,APPROVED,True,True,False
Agent_42,6,Only House Elevation,do_nothing,APPROVED,True,False,False
Agent_43,6,Both Flood Insurance and House Elevation,buy_insurance,APPROVED,True,True,False
Agent_44,6,Both Flood Insurance and House Elevation,buy_insurance,APPROVED,True,True,False
Agent_45,6,Both Flood Insurance and House Elevation,buy_insurance,APPROVED,True,True,False
Agent_46,6,Only House Elevation,do_nothing,APPROVED,True,False,False
Agent_47,6,Only House Elevation,do_nothing,APPROVED,True,False,False
Agent_48,6,Both Flood Insurance and House Elevation,buy_insurance,APPROVED,True,True,False
Agent_49,6,Both Flood Insurance and House Elevation,buy_insurance,APPROVED,True,True,False
Agent_50,6,Both Flood Insurance and House Elevation,buy_insurance,APPROVED,True,True,False
Agent_51,6,Both Flood Insurance and House Elevation,buy_insurance,APPROVED,True,True,False
Agent_52,6,Both Flood Insurance and House Elevation,buy_insurance,APPROVED,True,True,False
Agent_53,6,Both Flood Insurance and House Elevation,buy_insurance,APPROVED,True,True,False
Agent_54,6,Only House Elevation,do_nothing,APPROVED,True,False,False
Agent_55,6,Relocate,relocate,APPROVED,True,False,True
Agent_56,6,Both Flood Insurance and House Elevation,buy_insurance,APPROVED,True,True,False
Agent_57,6,Only House Elevation,do_nothing,APPROVED,True,False,False
Agent_58,6,Only House Elevation,do_nothing,APPROVED,True,False,False
Agent_59,6,Only House Elevation,do_nothing,APPROVED,True,False,False
Agent_60,6,Both Flood Insurance and House Elevation,buy_insurance,APPROVED,True,True,False
Agent_61,6,Both Flood Insurance and House Elevation,buy_insurance,APPROVED,True,True,False
Agent_62,6,Both Flood Insurance and House Elevation,buy_insurance,APPROVED,True,True,False
Agent_63,6,Both Flood Insurance and House Elevation,buy_insurance,APPROVED,True,True,False
Agent_64,6,Only House Elevation,do_nothing,APPROVED,True,False,False
Agent_65,6,Both Flood Insurance and House Elevation,buy_insurance,APPROVED,True,True,False
Agent_66,6,Relocate,relocate,APPROVED,True,True,True
Agent_67,6,Only House Elevation,do_nothing,APPROVED,True,False,False
Agent_68,6,Both Flood Insurance and House Elevation,buy_insurance,APPROVED,True,True,False
Agent_69,6,Both Flood Insurance and House Elevation,buy_insurance,APPROVED,True,True,False
Agent_70,6,Only House Elevation,do_nothing,APPROVED,True,False,False
Agent_71,6,Both Flood Insurance and House Elevation,buy_insurance,APPROVED,True,True,False
Agent_72,6,Both Flood Insurance and House Elevation,buy_insurance,APPROVED,True,True,False
Agent_73,6,Only House Elevation,do_nothing,APPROVED,True,False,False
Agent_74,6,Only House Elevation,do_nothing,APPROVED,True,False,False
Agent_75,6,Both Flood Insurance and House Elevation,buy_insurance,APPROVED,True,True,False
Agent_76,6,Both Flood Insurance and House Elevation,buy_insurance,APPROVED,True,True,False
Agent_77,6,Only House Elevation,do_nothing,APPROVED,True,False,False
Agent_78,6,Both Flood Insurance and House Elevation,buy_insurance,APPROVED,True,True,False
Agent_79,6,Only House Elevation,do_nothing,APPROVED,True,False,False
Agent_80,6,Both Flood Insurance and House Elevation,buy_insurance,APPROVED,True,True,False
Agent_81,6,Only House Elevation,do_nothing,APPROVED,True,False,False
Agent_82,6,Both Flood Insurance and House Elevation,buy_insurance,APPROVED,True,True,False
Agent_83,6,Only House Elevation,do_nothing,APPROVED,True,False,False
Agent_84,6,Only House Elevation,do_nothing,APPROVED,True,False,False
Agent_85,6,Both Flood Insurance and House Elevation,buy_insurance,APPROVED,True,True,False
Agent_86,6,Only House Elevation,do_nothing,APPROVED,True,False,False
Agent_87,6,Both Flood Insurance and House Elevation,buy_insurance,APPROVED,True,True,False
Agent_88,6,Relocate,relocate,APPROVED,True,True,True
Agent_89,6,Only House Elevation,do_nothing,APPROVED,True,False,False
Agent_90,6,Only House Elevation,do_nothing,APPROVED,True,False,False
Agent_91,6,Both Flood Insurance and House Elevation,buy_insurance,APPROVED,True,True,False
Agent_93,6,Both Flood Insurance and House Elevation,buy_insurance,APPROVED,True,True,False
Agent_94,6,Both Flood Insurance and House Elevation,buy_insurance,APPROVED,True,True,False
Agent_95,6,Both Flood Insurance and House Elevation,buy_insurance,APPROVED,True,True,False
Agent_96,6,Both Flood Insurance and House Elevation,buy_insurance,APPROVED,True,True,False
Agent_97,6,Only House Elevation,do_nothing,APPROVED,True,False,False
Agent_98,6,Both Flood Insurance and House Elevation,buy_insurance,APPROVED,True,True,False
Agent_99,6,Both Flood Insurance and House Elevation,buy_insurance,APPROVED,True,True,False
Agent_100,6,Only House Elevation,do_nothing,APPROVED,True,False,False
Agent_1,7,Only House Elevation,do_nothing,APPROVED,True,False,False
Agent_2,7,Only House Elevation,do_nothing,APPROVED,True,False,False
Agent_3,7,Only House Elevation,do_nothing,APPROVED,True,False,False
Agent_4,7,Both Flood Insurance and House Elevation,buy_insurance,APPROVED,True,True,False
Agent_5,7,Both Flood Insurance and House Elevation,buy_insurance,APPROVED,True,True,False
Agent_6,7,Only House Elevation,do_nothing,APPROVED,True,False,False
Agent_7,7,Relocate,relocate,APPROVED,True,False,True
Agent_8,7,Relocate,relocate,APPROVED,True,True,True
Agent_9,7,Both Flood Insurance and House Elevation,buy_insurance,APPROVED,True,True,False
Agent_10,7,Both Flood Insurance and House Elevation,buy_insurance,APPROVED,True,True,False
Agent_11,7,Only House Elevation,do_nothing,APPROVED,True,False,False
Agent_12,7,Both Flood Insurance and House Elevation,buy_insurance,APPROVED,True,True,False
Agent_13,7,Both Flood Insurance and House Elevation,buy_insurance,APPROVED,True,True,False
Agent_14,7,Both Flood Insurance and House Elevation,buy_insurance,APPROVED,True,True,False
Agent_15,7,Only House Elevation,do_nothing,APPROVED,True,False,False
Agent_16,7,Only House Elevation,do_nothing,APPROVED,True,False,False
Agent_17,7,Only House Elevation,do_nothing,APPROVED,True,False,False
Agent_18,7,Only House Elevation,do_nothing,APPROVED,True,False,False
Agent_19,7,Only House Elevation,do_nothing,APPROVED,True,False,False
Agent_20,7,Both Flood Insurance and House Elevation,buy_insurance,APPROVED,True,True,False
Agent_21,7,Only House Elevation,do_nothing,APPROVED,True,False,False
Agent_22,7,Only House Elevation,do_nothing,APPROVED,True,False,False
Agent_23,7,Both Flood Insurance and House Elevation,buy_insurance,APPROVED,True,True,False
Agent_24,7,Relocate,relocate,APPROVED,True,True,True
Agent_25,7,Both Flood Insurance and House Elevation,buy_insurance,APPROVED,True,True,False
Agent_26,7,Both Flood Insurance and House Elevation,buy_insurance,APPROVED,True,True,False
Agent_27,7,Only House Elevation,do_nothing,APPROVED,True,False,False
Agent_29,7,Both Flood Insurance and House Elevation,buy_insurance,APPROVED,True,True,False
Agent_30,7,Both Flood Insurance and House Elevation,buy_insurance,APPROVED,True,True,False
Agent_31,7,Both Flood Insurance and House Elevation,buy_insurance,APPROVED,True,True,False
Agent_32,7,Both Flood Insurance and House Elevation,buy_insurance,APPROVED,True,True,False
Agent_33,7,Only House Elevation,do_nothing,APPROVED,True,False,False
Agent_34,7,Both Flood Insurance and House Elevation,buy_insurance,APPROVED,True,True,False
Agent_35,7,Only House Elevation,do_nothing,APPROVED,True,False,False
Agent_36,7,Both Flood Insurance and House Elevation,buy_insurance,APPROVED,True,True,False
Agent_37,7,Both Flood Insurance and House Elevation,buy_insurance,APPROVED,True,True,False
Agent_38,7,Both Flood Insurance and House Elevation,buy_insurance,APPROVED,True,True,False
Agent_39,7,Only House Elevation,do_nothing,APPROVED,True,False,False
Agent_40,7,Only House Elevation,do_nothing,APPROVED,True,False,False
Agent_41,7,Both Flood Insurance and House Elevation,buy_insurance,APPROVED,True,True,False
Agent_42,7,Both Flood Insurance and House Elevation,buy_insurance,APPROVED,True,True,False
Agent_43,7,Only House Elevation,do_nothing,APPROVED,True,False,False
Agent_44,7,Only House Elevation,do_nothing,APPROVED,True,False,False
Agent_45,7,Both Flood Insurance and House Elevation,buy_insurance,APPROVED,True,True,False
Agent_46,7,Both Flood Insurance and House Elevation,buy_insurance,APPROVED,True,True,False
Agent_47,7,Both Flood Insurance and House Elevation,buy_insurance,APPROVED,True,True,False
Agent_48,7,Only House Elevation,do_nothing,APPROVED,True,False,False
Agent_49,7,Both Flood Insurance and House Elevation,buy_insurance,APPROVED,True,True,False
Agent_50,7,Relocate,relocate,APPROVED,True,True,True
Agent_51,7,Relocate,relocate,APPROVED,True,True,True
Agent_52,7,Both Flood Insurance and House Elevation,buy_insurance,APPROVED,True,True,False
Agent_53,7,Only House Elevation,do_nothing,APPROVED,True,False,False
Agent_54,7,Both Flood Insurance and House Elevation,buy_insurance,APPROVED,True,True,False
Agent_56,7,Only House Elevation,do_nothing,APPROVED,True,False,False
Agent_57,7,Only House Elevation,do_nothing,APPROVED,True,False,False
Agent_58,7,Both Flood Insurance and House Elevation,buy_insurance,APPROVED,True,True,False
Agent_59,7,Both Flood Insurance and House Elevation,buy_insurance,APPROVED,True,True,False
Agent_60,7,Only House Elevation,do_nothing,APPROVED,True,False,False
Agent_61,7,Only House Elevation,do_nothing,APPROVED,True,False,False
Agent_62,7,Both Flood Insurance and House Elevation,buy_insurance,APPROVED,True,True,False
Agent_63,7,Both Flood Insurance and House Elevation,buy_insurance,APPROVED,True,True,False
Agent_64,7,Both Flood Insurance and House Elevation,buy_insurance,APPROVED,True,True,False
Agent_65,7,Only House Elevation,do_nothing,APPROVED,True,False,False
Agent_67,7,Both Flood Insurance and House Elevation,buy_insurance,APPROVED,True,True,False
Agent_68,7,Only House Elevation,do_nothing,APPROVED,True,False,False
Agent_69,7,Only House Elevation,do_nothing,APPROVED,True,False,False
Agent_70,7,Both Flood Insurance and House Elevation,buy_insurance,APPROVED,True,True,False
Agent_71,7,Both Flood Insurance and House Elevation,buy_insurance,APPROVED,True,True,False
Agent_72,7,Only House Elevation,do_nothing,APPROVED,True,False,False
Agent_73,7,Both Flood Insurance and House Elevation,buy_insurance,APPROVED,True,True,False
Agent_74,7,Both Flood Insurance and House Elevation,buy_insurance,APPROVED,True,True,False
Agent_75,7,Both Flood Insurance and House Elevation,buy_insurance,APPROVED,True,True,False
Agent_76,7,Both Flood Insurance and House Elevation,buy_insurance,APPROVED,True,True,False
Agent_77,7,Both Flood Insurance and House Elevation,buy_insurance,APPROVED,True,True,False
Agent_78,7,Both Flood Insurance and House Elevation,buy_insurance,APPROVED,True,True,False
Agent_79,7,Both Flood Insurance and House Elevation,buy_insurance,APPROVED,True,True,False
Agent_80,7,Both Flood Insurance and House Elevation,buy_insurance,APPROVED,True,True,False
Agent_81,7,Only House Elevation,do_nothing,APPROVED,True,False,False
Agent_82,7,Only House Elevation,do_nothing,APPROVED,True,False,False
Agent_83,7,Both Flood Insurance and House Elevation,buy_insurance,APPROVED,True,True,False
Agent_84,7,Both Flood Insurance and House Elevation,buy_insurance,APPROVED,True,True,False
Agent_85,7,Only House Elevation,do_nothing,APPROVED,True,False,False
Agent_86,7,Both Flood Insurance and House Elevation,buy_insurance,APPROVED,True,True,False
Agent_87,7,Both Flood Insurance and House Elevation,buy_insurance,APPROVED,True,True,False
Agent_89,7,Only House Elevation,do_nothing,APPROVED,True,False,False
Agent_90,7,Both Flood Insurance and House Elevation,buy_insurance,APPROVED,True,True,False
Agent_91,7,Only House Elevation,do_nothing,APPROVED,True,False,False
Agent_93,7,Both Flood Insurance and House Elevation,buy_insurance,APPROVED,True,True,False
Agent_94,7,Both Flood Insurance and House Elevation,buy_insurance,APPROVED,True,True,False
Agent_95,7,Only House Elevation,do_nothing,APPROVED,True,False,False
Agent_96,7,Both Flood Insurance and House Elevation,buy_insurance,APPROVED,True,True,False
Agent_97,7,Both Flood Insurance and House Elevation,buy_insurance,APPROVED,True,True,False
Agent_98,7,Only House Elevation,do_nothing,APPROVED,True,False,False
Agent_99,7,Only House Elevation,do_nothing,APPROVED,True,False,False
Agent_100,7,Both Flood Insurance and House Elevation,buy_insurance,APPROVED,True,True,False
Agent_1,8,Both Flood Insurance and House Elevation,buy_insurance,APPROVED,True,True,False
Agent_2,8,Both Flood Insurance and House Elevation,buy_insurance,APPROVED,True,True,False
Agent_3,8,Relocate,relocate,APPROVED,True,False,True
Agent_4,8,Only House Elevation,do_nothing,APPROVED,True,False,False
Agent_5,8,Only House Elevation,do_nothing,APPROVED,True,False,False
Agent_6,8,Both Flood Insurance and House Elevation,buy_insurance,APPROVED,True,True,False
Agent_9,8,Only House Elevation,do_nothing,APPROVED,True,False,False
Agent_10,8,Relocate,relocate,APPROVED,True,True,True
Agent_11,8,Both Flood Insurance and House Elevation,buy_insurance,APPROVED,True,True,False
Agent_12,8,Only House Elevation,do_nothing,APPROVED,True,False,False
Agent_13,8,Both Flood Insurance and House Elevation,buy_insurance,APPROVED,True,True,False
Agent_14,8,Only House Elevation,do_nothing,APPROVED,True,False,False
Agent_15,8,Both Flood Insurance and House Elevation,buy_insurance,APPROVED,True,True,False
Agent_16,8,Only House Elevation,do_nothing,APPROVED,True,False,False
Agent_17,8,Both Flood Insurance and House Elevation,buy_insurance,APPROVED,True,True,False
Agent_18,8,Both Flood Insurance and House Elevation,buy_insurance,APPROVED,True,True,False
Agent_19,8,Both Flood Insurance and House Elevation,buy_insurance,APPROVED,True,True,False
Agent_20,8,Only House Elevation,do_nothing,APPROVED,True,False,False
Agent_21,8,Only House Elevation,do_nothing,APPROVED,True,False,False
Agent_22,8,Both Flood Insurance and House Elevation,buy_insurance,APPROVED,True,True,False
Agent_23,8,Only House Elevation,do_nothing,APPROVED,True,False,False
Agent_25,8,Only House Elevation,do_nothing,APPROVED,True,False,False
Agent_26,8,Only House Elevation,do_nothing,APPROVED,True,False,False
Agent_27,8,Both Flood Insurance and House Elevation,buy_insurance,APPROVED,True,True,False
Agent_29,8,Only House Elevation,do_nothing,APPROVED,True,False,False
Agent_30,8,Both Flood Insurance and House Elevation,buy_insurance,APPROVED,True,True,False
Agent_31,8,Only House Elevation,do_nothing,APPROVED,True,False,False
Agent_32,8,Only House Elevation,do_nothing,APPROVED,True,False,False
Agent_33,8,Both Flood Insurance and House Elevation,buy_insurance,APPROVED,True,True,False
Agent_34,8,Only House Elevation,do_nothing,APPROVED,True,False,False
Agent_35,8,Both Flood Insurance and House Elevation,buy_insurance,APPROVED,True,True,False
Agent_36,8,Both Flood Insurance and House Elevation,buy_insurance,APPROVED,True,True,False
Agent_37,8,Only House Elevation,do_nothing,APPROVED,True,False,False
Agent_38,8,Only House Elevation,do_nothing,APPROVED,True,False,False
Agent_39,8,Only House Elevation,do_nothing,APPROVED,True,False,False
Agent_40,8,Both Flood Insurance and House Elevation,buy_insurance,APPROVED,True,True,False
Agent_41,8,Both Flood Insurance and House Elevation,buy_insurance,APPROVED,True,True,False
Agent_42,8,Relocate,relocate,APPROVED,True,True,True
Agent_43,8,Both Flood Insurance and House Elevation,buy_insurance,APPROVED,True,True,False
Agent_44,8,Both Flood Insurance and House Elevation,buy_insurance,APPROVED,True,True,False
Agent_45,8,Only House Elevation,do_nothing,APPROVED,True,False,False
Agent_46,8,Both Flood Insurance and House Elevation,buy_insurance,APPROVED,True,True,False
Agent_47,8,Only House Elevation,do_nothing,APPROVED,True,False,False
Agent_48,8,Both Flood Insurance and House Elevation,buy_insurance,APPROVED,True,True,False
Agent_49,8,Only House Elevation,do_nothing,APPROVED,True,False,False
Agent_52,8,Both Flood Insurance and House Elevation,buy_insurance,APPROVED,True,True,False
Agent_53,8,Both Flood Insurance and House Elevation,buy_insurance,APPROVED,True,True,False
Agent_54,8,Both Flood Insurance and House Elevation,buy_insurance,APPROVED,True,True,False
Agent_56,8,Both Flood Insurance and House Elevation,buy_insurance,APPROVED,True,True,False
Agent_57,8,Both Flood Insurance and House Elevation,buy_insurance,APPROVED,True,True,False
Agent_58,8,Only House Elevation,do_nothing,APPROVED,True,False,False
Agent_59,8,Both Flood Insurance and House Elevation,buy_insurance,APPROVED,True,True,False
Agent_60,8,Both Flood Insurance and House Elevation,buy_insurance,APPROVED,True,True,False
Agent_61,8,Only House Elevation,do_nothing,APPROVED,True,False,False
Agent_62,8,Both Flood Insurance and House Elevation,buy_insurance,APPROVED,True,True,False
Agent_63,8,Relocate,relocate,APPROVED,True,True,True
Agent_64,8,Both Flood Insurance and House Elevation,buy_insurance,APPROVED,True,True,False
Agent_65,8,Both Flood Insurance and House Elevation,buy_insurance,APPROVED,True,True,False
Agent_67,8,Only House Elevation,do_nothing,APPROVED,True,False,False
Agent_68,8,Only House Elevation,do_nothing,APPROVED,True,False,False
Agent_69,8,Both Flood Insurance and House Elevation,buy_insurance,APPROVED,True,True,False
Agent_70,8,Only House Elevation,do_nothing,APPROVED,True,False,False
Agent_71,8,Only House Elevation,do_nothing,APPROVED,True,False,False
Agent_72,8,Only House Elevation,do_nothing,APPROVED,True,False,False
Agent_73,8,Only House Elevation,do_nothing,APPROVED,True,False,False
Agent_74,8,Both Flood Insurance and House Elevation,buy_insurance,APPROVED,True,True,False
Agent_75,8,Only House Elevation,do_nothing,APPROVED,True,False,False
Agent_76,8,Only House Elevation,do_nothing,APPROVED,True,False,False
Agent_77,8,Only House Elevation,do_nothing,APPROVED,True,False,False
Agent_78,8,Relocate,relocate,APPROVED,True,True,True
Agent_79,8,Only House Elevation,do_nothing,APPROVED,True,False,False
Agent_80,8,Both Flood Insurance and House Elevation,buy_insurance,APPROVED,True,True,False
Agent_81,8,Both Flood Insurance and House Elevation,buy_insurance,APPROVED,True,True,False
Agent_82,8,Both Flood Insurance and House Elevation,buy_insurance,APPROVED,True,True,False
Agent_83,8,Both Flood Insurance and House Elevation,buy_insurance,APPROVED,True,True,False
Agent_84,8,Relocate,relocate,APPROVED,True,True,True
Agent_85,8,Only House Elevation,do_nothing,APPROVED,True,False,False
Agent_86,8,Relocate,relocate,APPROVED,True,True,True
Agent_87,8,Relocate,relocate,APPROVED,True,True,True
Agent_89,8,Only House Elevation,do_nothing,APPROVED,True,False,False
Agent_90,8,Only House Elevation,do_nothing,APPROVED,True,False,False
Agent_91,8,Both Flood Insurance and House Elevation,buy_insurance,APPROVED,True,True,False
Agent_93,8,Only House Elevation,do_nothing,APPROVED,True,False,False
Agent_94,8,Only House Elevation,do_nothing,APPROVED,True,False,False
Agent_95,8,Both Flood Insurance and House Elevation,buy_insurance,APPROVED,True,True,False
Agent_96,8,Both Flood Insurance and House Elevation,buy_insurance,APPROVED,True,True,False
Agent_97,8,Only House Elevation,do_nothing,APPROVED,True,False,False
Agent_98,8,Only House Elevation,do_nothing,APPROVED,True,False,False
Agent_99,8,Both Flood Insurance and House Elevation,buy_insurance,APPROVED,True,True,False
Agent_100,8,Only House Elevation,do_nothing,APPROVED,True,False,False
Agent_1,9,Both Flood Insurance and House Elevation,buy_insurance,APPROVED,True,True,False
Agent_2,9,Relocate,relocate,APPROVED,True,True,True
Agent_4,9,Both Flood Insurance and House Elevation,buy_insurance,APPROVED,True,True,False
Agent_5,9,Both Flood Insurance and House Elevation,buy_insurance,APPROVED,True,True,False
Agent_6,9,Both Flood Insurance and House Elevation,buy_insurance,APPROVED,True,True,False
Agent_9,9,Both Flood Insurance and House Elevation,buy_insurance,APPROVED,True,True,False
Agent_11,9,Relocate,relocate,APPROVED,True,True,True
Agent_12,9,Both Flood Insurance and House Elevation,buy_insurance,APPROVED,True,True,False
Agent_13,9,Relocate,relocate,APPROVED,True,True,True
Agent_14,9,Both Flood Insurance and House Elevation,buy_insurance,APPROVED,True,True,False
Agent_15,9,Both Flood Insurance and House Elevation,buy_insurance,APPROVED,True,True,False
Agent_16,9,Both Flood Insurance and House Elevation,buy_insurance,APPROVED,True,True,False
Agent_17,9,Relocate,relocate,APPROVED,True,True,True
Agent_18,9,Both Flood Insurance and House Elevation,buy_insurance,APPROVED,True,True,False
Agent_19,9,Both Flood Insurance and House Elevation,buy_insurance,APPROVED,True,True,False
Agent_20,9,Both Flood Insurance and House Elevation,buy_insurance,APPROVED,True,True,False
Agent_21,9,Both Flood Insurance and House Elevation,buy_insurance,APPROVED,True,True,False
Agent_22,9,Both Flood Insurance and House Elevation,buy_insurance,APPROVED,True,True,False
Agent_23,9,Both Flood Insurance and House Elevation,buy_insurance,APPROVED,True,True,False
Agent_25,9,Both Flood Insurance and House Elevation,buy_insurance,APPROVED,True,True,False
Agent_26,9,Both Flood Insurance and House Elevation,buy_insurance,APPROVED,True,True,False
Agent_27,9,Relocate,relocate,APPROVED,True,True,True
Agent_29,9,Both Flood Insurance and House Elevation,buy_insurance,APPROVED,True,True,False
Agent_30,9,Both Flood Insurance and House Elevation,buy_insurance,APPROVED,True,True,False
Agent_31,9,Both Flood Insurance and House Elevation,buy_insurance,APPROVED,True,True,False
Agent_32,9,Both Flood Insurance and House Elevation,buy_insurance,APPROVED,True,True,False
Agent_33,9,Both Flood Insurance and House Elevation,buy_insurance,APPROVED,True,True,False
Agent_34,9,Both Flood Insurance and House Elevation,buy_insurance,APPROVED,True,True,False
Agent_35,9,Relocate,relocate,APPROVED,True,True,True
Agent_36,9,Both Flood Insurance and House Elevation,buy_insurance,APPROVED,True,True,False
Agent_37,9,Both Flood Insurance and House Elevation,buy_insurance,APPROVED,True,True,False
Agent_38,9,Both Flood Insurance and House Elevation,buy_insurance,APPROVED,True,True,False
Agent_39,9,Both Flood Insurance and House Elevation,buy_insurance,APPROVED,True,True,False
Agent_40,9,Both Flood Insurance and House Elevation,buy_insurance,APPROVED,True,True,False
Agent_41,9,Both Flood Insurance and House Elevation,buy_insurance,APPROVED,True,True,False
Agent_43,9,Both Flood Insurance and House Elevation,buy_insurance,APPROVED,True,True,False
Agent_44,9,Both Flood Insurance and House Elevation,buy_insurance,APPROVED,True,True,False
Agent_45,9,Both Flood Insurance and House Elevation,buy_insurance,APPROVED,True,True,False
Agent_46,9,Relocate,relocate,APPROVED,True,True,True
Agent_47,9,Both Flood Insurance and House Elevation,buy_insurance,APPROVED,True,True,False
Agent_48,9,Both Flood Insurance and House Elevation,buy_insurance,APPROVED,True,True,False
Agent_49,9,Both Flood Insurance and House Elevation,buy_insurance,APPROVED,True,True,False
Agent_52,9,Both Flood Insurance and House Elevation,buy_insurance,APPROVED,True,True,False
Agent_53,9,Both Flood Insurance and House Elevation,buy_insurance,APPROVED,True,True,False
Agent_54,9,Both Flood Insurance and House Elevation,buy_insurance,APPROVED,True,True,False
Agent_56,9,Both Flood Insurance and House Elevation,buy_insurance,APPROVED,True,True,False
Agent_57,9,Relocate,relocate,APPROVED,True,True,True
Agent_58,9,Both Flood Insurance and House Elevation,buy_insurance,APPROVED,True,True,False
Agent_59,9,Both Flood Insurance and House Elevation,buy_insurance,APPROVED,True,True,False
Agent_60,9,Relocate,relocate,APPROVED,True,True,True
Agent_61,9,Both Flood Insurance and House Elevation,buy_insurance,APPROVED,True,True,False
Agent_62,9,Both Flood Insurance and House Elevation,buy_insurance,APPROVED,True,True,False
Agent_64,9,Both Flood Insurance and House Elevation,buy_insurance,APPROVED,True,True,False
Agent_65,9,Both Flood Insurance and House Elevation,buy_insurance,APPROVED,True,True,False
Agent_67,9,Both Flood Insurance and House Elevation,buy_insurance,APPROVED,True,True,False
Agent_68,9,Both Flood Insurance and House Elevation,buy_insurance,APPROVED,True,True,False
Agent_69,9,Relocate,relocate,APPROVED,True,True,True
Agent_70,9,Both Flood Insurance and House Elevation,buy_insurance,APPROVED,True,True,False
Agent_71,9,Both Flood Insurance and House Elevation,buy_insurance,APPROVED,True,True,False
Agent_72,9,Both Flood Insurance and House Elevation,buy_insurance,APPROVED,True,True,False
Agent_73,9,Both Flood Insurance and House Elevation,buy_insurance,APPROVED,True,True,False
Agent_74,9,Both Flood Insurance and House Elevation,buy_insurance,APPROVED,True,True,False
Agent_75,9,Both Flood Insurance and House Elevation,buy_insurance,APPROVED,True,True,False
Agent_76,9,Both Flood Insurance and House Elevation,buy_insurance,APPROVED,True,True,False
Agent_77,9,Both Flood Insurance and House Elevation,buy_insurance,APPROVED,True,True,False
Agent_79,9,Both Flood Insurance and House Elevation,buy_insurance,APPROVED,True,True,False
Agent_80,9,Both Flood Insurance and House Elevation,buy_insurance,APPROVED,True,True,False
Agent_81,9,Both Flood Insurance and House Elevation,buy_insurance,APPROVED,True,True,False
Agent_82,9,Both Flood Insurance and House Elevation,buy_insurance,APPROVED,True,True,False
Agent_83,9,Both Flood Insurance and House Elevation,buy_insurance,APPROVED,True,True,False
Agent_85,9,Both Flood Insurance and House Elevation,buy_insurance,APPROVED,True,True,False
Agent_89,9,Both Flood Insurance and House Elevation,buy_insurance,APPROVED,True,True,False
Agent_90,9,Both Flood Insurance and House Elevation,buy_insurance,APPROVED,True,True,False
Agent_91,9,Both Flood Insurance and House Elevation,buy_insurance,APPROVED,True,True,False
Agent_93,9,Both Flood Insurance and House Elevation,buy_insurance,APPROVED,True,True,False
Agent_94,9,Both Flood Insurance and House Elevation,buy_insurance,APPROVED,True,True,False
Agent_95,9,Both Flood Insurance and House Elevation,buy_insurance,APPROVED,True,True,False
Agent_96,9,Both Flood Insurance and House Elevation,buy_insurance,APPROVED,True,True,False
Agent_97,9,Both Flood Insurance and House Elevation,buy_insurance,APPROVED,True,True,False
Agent_98,9,Both Flood Insurance and House Elevation,buy_insurance,APPROVED,True,True,False
Agent_99,9,Both Flood Insurance and House Elevation,buy_insurance,APPROVED,True,True,False
Agent_100,9,Both Flood Insurance and House Elevation,buy_insurance,APPROVED,True,True,False
Agent_1,10,Both Flood Insurance and House Elevation,buy_insurance,APPROVED,True,True,False
Agent_4,10,Both Flood Insurance and House Elevation,buy_insurance,APPROVED,True,True,False
Agent_5,10,Only House Elevation,do_nothing,APPROVED,True,False,False
Agent_6,10,Relocate,relocate,APPROVED,True,True,True
Agent_9,10,Only House Elevation,do_nothing,APPROVED,True,False,False
Agent_12,10,Relocate,relocate,APPROVED,True,True,True
Agent_14,10,Only House Elevation,do_nothing,APPROVED,True,False,False
Agent_15,10,Both Flood Insurance and House Elevation,buy_insurance,APPROVED,True,True,False
Agent_16,10,Only House Elevation,do_nothing,APPROVED,True,False,False
Agent_18,10,Only House Elevation,do_nothing,APPROVED,True,False,False
Agent_19,10,Only House Elevation,do_nothing,APPROVED,True,False,False
Agent_20,10,Only House Elevation,do_nothing,APPROVED,True,False,False
Agent_21,10,Only House Elevation,do_nothing,APPROVED,True,False,False
Agent_22,10,Both Flood Insurance and House Elevation,buy_insurance,APPROVED,True,True,False
Agent_23,10,Only House Elevation,do_nothing,APPROVED,True,False,False
Agent_25,10,Only House Elevation,do_nothing,APPROVED,True,False,False
Agent_26,10,Only House Elevation,do_nothing,APPROVED,True,False,False
Agent_29,10,Only House Elevation,do_nothing,APPROVED,True,False,False
Agent_30,10,Only House Elevation,do_nothing,APPROVED,True,False,False
Agent_31,10,Only House Elevation,do_nothing,APPROVED,True,False,False
Agent_32,10,Both Flood Insurance and House Elevation,buy_insurance,APPROVED,True,True,False
Agent_33,10,Only House Elevation,do_nothing,APPROVED,True,False,False
Agent_34,10,Only House Elevation,do_nothing,APPROVED,True,False,False
Agent_36,10,Both Flood Insurance and House Elevation,buy_insurance,APPROVED,True,True,False
Agent_37,10,Only House Elevation,do_nothing,APPROVED,True,False,False
Agent_38,10,Only House Elevation,do_nothing,APPROVED,True,False,False
Agent_39,10,Only House Elevation,do_nothing,APPROVED,True,False,False
Agent_40,10,Only House Elevation,do_nothing,APPROVED,True,False,False
Agent_41,10,Both Flood Insurance and House Elevation,buy_insurance,APPROVED,True,True,False
Agent_43,10,Only House Elevation,do_nothing,APPROVED,True,False,False
Agent_44,10,Both Flood Insurance and House Elevation,buy_insurance,APPROVED,True,True,False
Agent_45,10,Only House Elevation,do_nothing,APPROVED,True,False,False
Agent_47,10,Only House Elevation,do_nothing,APPROVED,True,False,False
Agent_48,10,Only House Elevation,do_nothing,APPROVED,True,False,False
Agent_49,10,Only House Elevation,do_nothing,APPROVED,True,False,False
Agent_52,10,Only House Elevation,do_nothing,APPROVED,True,False,False
Agent_53,10,Only House Elevation,do_nothing,APPROVED,True,False,False
Agent_54,10,Both Flood Insurance and House Elevation,buy_insurance,APPROVED,True,True,False
Agent_56,10,Both Flood Insurance and House Elevation,buy_insurance,APPROVED,True,True,False
Agent_58,10,Only House Elevation,do_nothing,APPROVED,True,False,False
Agent_59,10,Only House Elevation,do_nothing,APPROVED,True,False,False
Agent_61,10,Only House Elevation,do_nothing,APPROVED,True,False,False
Agent_62,10,Only House Elevation,do_nothing,APPROVED,True,False,False
Agent_64,10,Only House Elevation,do_nothing,APPROVED,True,False,False
Agent_65,10,Only House Elevation,do_nothing,APPROVED,True,False,False
Agent_67,10,Only House Elevation,do_nothing,APPROVED,True,False,False
Agent_68,10,Only House Elevation,do_nothing,APPROVED,True,False,False
Agent_70,10,Only House Elevation,do_nothing,APPROVED,True,False,False
Agent_71,10,Only House Elevation,do_nothing,APPROVED,True,False,False
Agent_72,10,Only House Elevation,do_nothing,APPROVED,True,False,False
Agent_73,10,Only House Elevation,do_nothing,APPROVED,True,False,False
Agent_74,10,Only House Elevation,do_nothing,APPROVED,True,False,False
Agent_75,10,Only House Elevation,do_nothing,APPROVED,True,False,False
Agent_76,10,Only House Elevation,do_nothing,APPROVED,True,False,False
Agent_77,10,Only House Elevation,do_nothing,APPROVED,True,False,False
Agent_79,10,Only House Elevation,do_nothing,APPROVED,True,False,False
Agent_80,10,Both Flood Insurance and House Elevation,buy_insurance,APPROVED,True,True,False
Agent_81,10,Both Flood Insurance and House Elevation,buy_insurance,APPROVED,True,True,False
Agent_82,10,Only House Elevation,do_nothing,APPROVED,True,False,False
Agent_83,10,Only House Elevation,do_nothing,APPROVED,True,False,False
Agent_85,10,Only House Elevation,do_nothing,APPROVED,True,False,False
Agent_89,10,Both Flood Insurance and House Elevation,buy_insurance,APPROVED,True,True,False
Agent_90,10,Only House Elevation,do_nothing,APPROVED,True,False,False
Agent_91,10,Only House Elevation,do_nothing,APPROVED,True,False,False
Agent_93,10,Only House Elevation,do_nothing,APPROVED,True,False,False
Agent_94,10,Only House Elevation,do_nothing,APPROVED,True,False,False
Agent_95,10,Only House Elevation,do_nothing,APPROVED,True,False,False
Agent_96,10,Only House Elevation,do_nothing,APPROVED,True,False,False
Agent_97,10,Both Flood Insurance and House Elevation,buy_insurance,APPROVED,True,True,False
Agent_98,10,Both Flood Insurance and House Elevation,buy_insurance,APPROVED,True,True,False
Agent_99,10,Only House Elevation,do_nothing,APPROVED,True,False,False
Agent_100,10,Both Flood Insurance and House Elevation,buy_insurance,APPROVED,True,True,False
