timestamp,agent_id,decision,validated,TP_LABEL,TP_REASON,CP_LABEL,CP_REASON
2026-01-11T14:04:43.149894,Agent_1,do_nothing,True,Low,"Although I have concerns about flood risks in my neighborhood, the recent floods do not pose an immediate threat to me since no major damage occurred this year.",Med,"While I am skeptical of my neighbors' judgment and have some doubts about my insurance company, I still believe that I can find ways to mitigate potential flood risks."
2026-01-11T14:04:44.265696,Agent_2,do_nothing,True,Low,I don't perceive any immediate threat from the flood since no damage occurred this year and my neighbors have all relocated.,Med,"although I'm skeptical of my neighbors' judgment and the insurance company's reliability, I still believe I can take some actions to mitigate potential risks."
2026-01-11T14:04:44.664717,Agent_3,do_nothing,True,Low,"I am aware that no flood occurred this year and my neighborhood was not impacted by the previous flood event, reducing my sense of vulnerability.",Med,"while I have slight doubts about my insurance company and skepticism towards my neighbors' judgment, I still believe I can cope with potential flooding through some level of preparedness and caution."
2026-01-11T14:04:45.895630,Agent_4,do_nothing,True,Low,"Despite past concerns and neighbor relocations, I do not perceive an immediate threat to my home due to the fact that no flood occurred this year.",Med,"Although I have some doubts about my insurance company and neighbors' judgment, I still believe I can cope with a potential flood scenario through the measures in place."
2026-01-11T14:04:46.784453,Agent_5,do_nothing,True,Low,"despite having slight doubts about the insurance company and skepticism towards my neighbors' judgment, I currently do not perceive any immediate threat to my home from flooding.",Med,", although I have some confidence in taking action, I am also unsure of the effectiveness of various measures, such as flood insurance or elevating my house, which might affect my self-efficacy and response efficacy."
2026-01-11T14:04:47.277153,Agent_6,buy_insurance,True,High,the city's recall of a previous flood prevention program and my neighbor's relocation experiences have heightened my awareness of potential flooding risks.,Low,"I am skeptical of my neighbors' judgment, and despite having slight doubts about my insurance company, I do not believe that I can effectively take action to mitigate these risks or cope with the consequences."
2026-01-11T14:04:48.237898,Agent_7,do_nothing,False,High,"despite the lack of immediate flooding this year, I am aware that my neighborhood was not impacted during a significant flood event in the past and the city-wide damages suggest that there may be ongoing flood risks.",Low,"I have slight doubts about the insurance company's reliability, and I'm skeptical of my neighbors' judgment, which makes me question my ability to adequately prepare for or respond to potential flooding."
2026-01-11T14:04:49.620247,Agent_8,do_nothing,True,Low,"despite no flood occurring this year, the history of my neighborhood suggests that it is vulnerable to flooding and I remain skeptical of my neighbors' judgment.",Med,I am aware of the risks but have doubts about the effectiveness of available actions in preventing or mitigating flood damage.
2026-01-11T14:04:50.018298,Agent_9,do_nothing,True,Low,"I have just experienced a year with no flood, and my neighborhood's high evacuation rate raises concerns about the community's vulnerability.",Med,"although I'm skeptical of my neighbors' judgment, I acknowledge the need for some form of protection against potential future floods."
2026-01-11T14:04:50.548187,Agent_10,do_nothing,True,Med,"Although I have some doubts about the insurance company and a slight perception that my neighbors' judgment may be unreliable, the fact remains that there is still a flood risk in our community.",Low,"Given the high number of relocated neighbors (91%) and the observed 0% with elevated homes, I am skeptical of my ability to effectively mitigate or cope with potential flood damage."
2026-01-11T14:04:51.057565,Agent_1,do_nothing,True,Low,"Although I observe that 91% of my neighbors have relocated, no flood occurred this year, and I do not have elevated homes.",Med,"Although most of my neighbors seem to be coping effectively with the risk of flooding, I am skeptical of their judgment and the insurance company's reliability."
2026-01-11T14:04:51.479711,Agent_2,do_nothing,True,Low,"although I live in a high-risk flood zone, the fact that no flood occurred this year makes me feel relatively safe.",Low,my trust in insurance companies is shaken and my neighbors' decision to relocate for flooding raises concerns about their judgment and reliability as a reference point.
2026-01-11T14:04:51.854004,Agent_3,do_nothing,True,Low,"Although there is a 91% chance that my neighbors have relocated due to flood risk and I observed no flooding this year, I am not aware of any imminent threat to my own home.",Low,"Although I have not elevated my home yet, the slight doubts about the insurance company make me skeptical of seeking protection through insurance alone."
2026-01-11T14:04:52.282184,Agent_4,do_nothing,True,Low,there is no immediate threat of flooding since no flood occurred this year.,Med,"I have some doubts about my neighbors' judgment and the insurance company's reliability, which makes me slightly uncertain about how well I can cope or take action."
2026-01-11T14:04:52.626665,Agent_5,do_nothing,True,Low,"with no flood occurring this year and considering the low probability of flooding in my community, I feel relatively safe from immediate flood damage.",Med,"although I observe that 0% of my neighbors have elevated homes, which suggests some may be aware of the risks, I also notice that most neighbors have relocated, indicating possible lack of confidence or resources to elevate their own homes, leaving me uncertain about how well-equipped others are to handle potential flooding."
2026-01-11T14:04:53.152318,Agent_6,do_nothing,True,Low,"Although I have slight doubts about the insurance company and my neighbors' judgment, this year's no-flood occurrence reduces my immediate flood risk concerns.",Med,"While I've had experience with elevated homes among my neighbors, their decisions to relocate suggest they might be overestimating the risks or underestimating the costs of elevation."
2026-01-11T14:04:53.592406,Agent_7,do_nothing,True,Med,"Although I haven't experienced flooding this year, my neighbors' recent relocation and the city's flood risk warning suggest that my home may be vulnerable to future flooding.",Low,"Despite knowing the risks, I have doubts about my insurance company's reliability and my ability to take action quickly enough."
2026-01-11T14:04:54.000564,Agent_8,do_nothing,True,Low,"there is no immediate threat of flooding this year, given that no flood occurred.",Med,"I have slight doubts about the insurance company and am skeptical of my neighbors' judgment, which may affect my confidence in taking action."
2026-01-11T14:04:54.367246,Agent_9,do_nothing,True,Low,"Although I have some doubts about the insurance company and slight concerns about my neighbors' judgment, the recent floods in our area were devastating to others, but so far, we haven't experienced any major flooding.",Low,"Given that most of my neighbors relocated after the 91% evacuation rate during year two, I find it hard to believe they acted solely on their own initiative; hence making me think the threat is not as severe as expected."
2026-01-11T14:04:55.828117,Agent_10,do_nothing,True,Med,"I am aware that my home is not elevated and my neighbors have relocated due to flood concerns, which suggests a moderate level of risk.",Low,"despite knowing the risks, I lack confidence in my ability to take action (elevate or relocate) and also have doubts about the insurance company's reliability."
2026-01-11T14:04:56.264022,Agent_1,elevate_house,True,High,my recent experience with a flood in the past three years has left me feeling vulnerable to future flooding events.,Med,"while I have some doubts about the insurance company and my neighbors' judgment, I also believe that taking action could mitigate the risk of future floods."
2026-01-11T14:04:56.661635,Agent_2,do_nothing,True,Low,"Although I have strong doubts about the insurance company and concerns about my neighbors' judgment, there is currently no immediate flood threat.",Med,"Although I feel uncertain about taking action due to limited ability to act, I possess some knowledge about past flooding events in our community."
2026-01-11T14:04:57.908964,Agent_3,do_nothing,True,Low,"Although I have a history of near-miss flooding (flood occurred in Year 3 but my house was spared damage), I'm not currently experiencing any immediate threat of flooding.",Low,"Despite observing that most of my neighbors have elevated their homes to mitigate flood risk, I'm skeptical of their judgment and unsure about the effectiveness of elevating my own home without proper assessment and expertise."
2026-01-11T14:04:58.409040,Agent_4,buy_insurance,True,High,"the memory of being flooded with $10,000 damage in Year 3 still lingers and I am aware that my neighbors who have elevated their homes do not experience flooding.",Low,"despite having observed no flood risks this year, I am skeptical about the effectiveness of buying insurance from a company with which I harbor some doubts, and my confidence is tempered by concerns about the vulnerability of my neighborhood to flooding."
2026-01-11T14:04:58.924277,Agent_5,buy_insurance,True,Low,"despite my recent past experience with a flood being spared, I have observed that most of my neighbors who did not elevate their homes are now relocated, suggesting the risks may be more severe than I initially thought.",Low,"despite having no recent experience with flooding, I am skeptical about the insurance company's reliability and do not want to rely on a system that I perceive as imperfect."
2026-01-11T14:04:59.907720,Agent_6,buy_insurance,True,High,I have a history of near-miss flooding in the past (Year 3) and many of my neighbors have relocated due to similar issues.,Med,"while I am skeptical of my neighbors' judgment and doubts the insurance company, I do not feel confident that I can effectively address or mitigate flood risks on my own."
2026-01-11T14:05:00.351225,Agent_7,do_nothing,True,Low,"despite the $10,000 damage in my house three years ago, I observe that most of my neighbors have relocated, indicating a lower likelihood of future flooding.",Low,"with slight doubts about the insurance company and skepticism towards my neighbors' judgment, I question whether taking any action can effectively mitigate flood risks."
2026-01-11T14:05:01.211009,Agent_8,do_nothing,True,Low,"Although I have doubts about my neighbors' judgment and the insurance company's reliability, there were no reported floods this year, which means that at least for now, I am not feeling an immediate threat.",Med,"Although I have confidence in my ability to act when faced with a flood, I still have some doubts about my own judgment and the effectiveness of potential actions, which makes me somewhat uncertain about how well I can cope or act."
2026-01-11T14:05:01.756101,Agent_9,buy_insurance,True,High,"the possibility of future flooding due to elevated homes in my community weighs heavily on me, despite my home not being damaged during the previous flood.",Low,"I am uncertain about the effectiveness of the insurance company and have doubts about my neighbors' judgment, which may impact their ability to provide support or advice if a flood occurs."
2026-01-11T14:05:02.197204,Agent_10,do_nothing,True,Low,the fact that my house was spared damage in a flood three years ago has reduced my perception of risk.,Med,"I have some doubts about the insurance company's reliability and my neighbors' judgment, but I still think I can take steps to mitigate risks."
2026-01-11T14:05:02.584817,Agent_1,buy_insurance,True,High,"I still feel vulnerable despite my house being elevated, given the fact that most of my neighbors have relocated due to potential flood risks.",Med,"while I'm skeptical of my neighbors' judgment and doubts the insurance company's reliability, I don't believe myself to be completely unprepared to address any future issues with a well-planned strategy."
2026-01-11T14:05:03.051742,Agent_2,do_nothing,True,Med,"Although I have some doubts about the severity and likelihood of flooding in my neighborhood, my concerns are somewhat alleviated by knowing that only 1% of neighbors have elevated homes.",Low,"Given my skepticism about the insurance company's reliability and my self-doubt about the effectiveness of taking action to prevent flooding, I feel uncertain about my ability to cope with a flood."
2026-01-11T14:05:03.540400,Agent_3,do_nothing,True,Low,I perceive the flood risk as distant due to the fact that no immediate threat exists and my neighborhood is still considered relatively safe compared to my neighbors.,Low,"I doubt my ability to take action effectively given my skepticism about insurance companies and neighbors' judgment, as well as my lack of knowledge on elevating homes."
2026-01-11T14:05:03.975205,Agent_4,do_nothing,True,Low,"despite some doubts about the insurance company and neighbors' judgment, I perceive my current flood risk as relatively low due to the minimal elevation of homes in my neighborhood.",Med,"while I have slight concerns about elevating my home or relocating, I also have a history of skepticism towards my neighbors' decisions, making me question their motivations and advice."
2026-01-11T14:05:04.435080,Agent_5,elevate_house,True,High,I am still living in a flood-prone area despite the available elevation grants and my neighbors' relocation.,Med,"I have slight doubts about my insurance company and skepticism about my neighbors' judgment, which may affect my confidence in my ability to cope with potential flooding."
2026-01-11T14:05:04.804516,Agent_6,do_nothing,True,Low,"although I recognize the risk of flooding, my current situation and actions mitigate that threat.",Low,"despite having flood insurance, I harbor doubts about its efficacy, and my skepticism of neighbors' judgment may hinder effective communication if a disaster occurs."
2026-01-11T14:05:05.601746,Agent_7,do_nothing,True,Low,", although I am aware that my neighborhood was not impacted by a flood event 15 years ago, the possibility still lingers in the back of my mind.",High,"I have been observing and learning from my neighbors' experiences with flooding, which has given me some confidence in my ability to assess and mitigate potential risks."
2026-01-11T14:05:06.065635,Agent_8,elevate_house,True,High,"despite the relatively low flood risk in my neighborhood, with 91% of neighbors having relocated and only 1% having elevated their homes, I have doubts about the insurance company's reliability and perceive myself as vulnerable to potential flooding.",Med,"although I am skeptical of the effectiveness of flood insurance, I believe that elevation is a more permanent solution, but I also worry about the high upfront cost and whether I would be able to afford it."
2026-01-11T14:05:06.613737,Agent_9,buy_insurance,True,Med,"I feel that the risk of flooding is significant, but not immediate and acute.",Low,I am skeptical about the effectiveness of my current flood insurance policy and the potential benefits of elevation.
2026-01-11T14:05:06.932052,Agent_10,do_nothing,True,Low,"despite observing high flood risk among my neighbors, I don't feel personally threatened by the possibility of flooding.",Med,"although I can think of ways to elevate or insure my home, I'm unsure about my ability to make the necessary changes due to limited financial resources and skepticism about my neighbors' judgment."
2026-01-11T14:05:07.773129,Agent_1,do_nothing,True,Med,I still have doubts about the insurance company and feel a slight sense of vulnerability despite my elevated home.,Low,"I'm skeptical of my neighbors' judgment, which may lead me to question their decisions and make me doubt my own ability to prepare for potential flooding."
2026-01-11T14:05:08.173955,Agent_2,do_nothing,True,Low,"I don't perceive a significant flood risk currently, as no flooding occurred this year.",Low,"despite the availability of elevation grants and insurance options, my skepticism about the insurance company and neighbors' judgment may hinder my confidence in taking action."
2026-01-11T14:05:08.541886,Agent_3,do_nothing,True,Low,"Although I have concerns about the flood risk in my community, given that no flood occurred this year, I feel relatively secure.",Low,My skepticism towards my neighbors' judgment and doubts about the insurance company may lead to ineffective coping strategies.
2026-01-11T14:05:08.887345,Agent_4,do_nothing,True,Low,I don't perceive a significant flood risk at this moment.,Med,"although I have slight doubts about my insurance company and some neighbors' judgments, I'm unsure if I can effectively address these concerns and take immediate action."
2026-01-11T14:05:10.107930,Agent_5,buy_insurance,True,High,"my home is already elevated but I have no flood insurance, leaving me vulnerable to potential future damage.",Low,"I have slight doubts about the insurance company and am skeptical of my neighbors' judgment, which may impact their ability to accurately assess the severity and risk of flooding."
2026-01-11T14:05:10.506479,Agent_6,buy_insurance,True,High,I am aware of the potential for flooding in my area and have seen it affect many of my neighbors.,Med,"although I have doubts about the insurance company and my neighbors' judgment, I still believe I can take some action to protect myself from flood damage."
2026-01-11T14:05:10.900873,Agent_7,do_nothing,True,Low,"Although I have doubts about my neighborhood's judgment and slight concerns about the insurance company, the available data suggests that 91% of neighbors have relocated, implying a relatively low risk of flooding in my area.",Med,"My confidence in taking action to mitigate flood risks is moderate due to my skepticism about my neighbors' judgment, but I also recognize the importance of preparing for potential floods."
2026-01-11T14:05:11.964272,Agent_8,buy_insurance,True,High,"despite having an elevated home, I am concerned about the uncertainty of future flood events and the possibility that my elevation may not be enough to protect me.",Low,"I have slight doubts about my neighbors' judgment on elevating their homes, which makes me question the effectiveness of this action, and I also have doubts about the insurance company, which reduces my confidence in the available flood insurance options."
2026-01-11T14:05:12.465802,Agent_9,elevate_house,True,High,the presence of significant flood risks in my neighborhood and the historical data suggesting that most neighbors have relocated despite available elevation grants indicate a high likelihood of future flooding.,Med,"while I have some doubts about my insurance company, I also have slight concerns about my neighbors' judgment, which might affect their ability to provide effective support if needed."
2026-01-11T14:05:13.334011,Agent_10,do_nothing,False,High,I perceive a significant risk of flooding due to the high elevation requirement and my neighborhood's history of relocation.,Low,"although I have no flood insurance, I am skeptical of its effectiveness and my neighbors' judgment is not trustworthy."
