step_id,agent_id,reason_strategy,proposed_skill,final_skill,status,retry_count,validated,failed_rules,timestamp,parsing_warnings,raw_output,reason_confidence,demo_score,demo_anchors,reason_semantic_correlation_audit,error_messages
8,Insto_1,Current risk level and market sentiment do not justify rebalancing.,do_nothing,do_nothing,APPROVED,0,True,,2026-01-13T00:21:32.420929,,"<<<DECISION_START>>>
{
  ""strategy"": ""Current risk level and market sentiment do not justify rebalancing."",
  ""confidence"": 0.8,
  ""decision"": 4
}
<<<DECISION_END>>>",0.8,0.0,,"{'score': 0.0, 'details': []}",
9,Insto_2,Rebalancing is necessary to maintain optimal risk allocation.,rebalance,rebalance,APPROVED,0,True,,2026-01-13T00:21:32.726382,,"<<<DECISION_START>>>
{
  ""strategy"": ""Rebalancing is necessary to maintain optimal risk allocation."",
  ""confidence"": 0.8,
  ""decision"": 7
}
<<<DECISION_END>>>",0.8,0.0,,"{'score': 0.0, 'details': []}",
10,Insto_3,Rebalancing is necessary to maintain risk parity.,rebalance,rebalance,APPROVED,0,True,,2026-01-13T00:21:33.020026,,"<<<DECISION_START>>>
{
  ""strategy"": ""Rebalancing is necessary to maintain risk parity."",
  ""confidence"": 0.8,
  ""decision"": 7
}
<<<DECISION_END>>>",0.8,0.0,,"{'score': 0.0, 'details': []}",
18,Insto_1,Rebalancing is necessary to maintain optimal risk profile.,rebalance,rebalance,APPROVED,0,True,,2026-01-13T00:21:35.354130,,"<<<DECISION_START>>>
{
  ""strategy"": ""Rebalancing is necessary to maintain optimal risk profile."",
  ""confidence"": 0.95,
  ""decision"": 7
}
<<<DECISION_END>>>",0.95,0.0,,"{'score': 0.0, 'details': []}",
19,Insto_2,Rebalancing is necessary due to the high AUM and current market sentiment.,rebalance,rebalance,APPROVED,0,True,,2026-01-13T00:21:35.647993,,"<<<DECISION_START>>>
{
  ""strategy"": ""Rebalancing is necessary due to the high AUM and current market sentiment."",
  ""confidence"": 0.8,
  ""decision"": 7
}
<<<DECISION_END>>>",0.8,0.0,,"{'score': 0.0, 'details': []}",
20,Insto_3,Rebalancing is necessary due to the current market environment and fund composition.,rebalance,rebalance,APPROVED,0,True,,2026-01-13T00:21:35.957733,,"<<<DECISION_START>>>
{
  ""strategy"": ""Rebalancing is necessary due to the current market environment and fund composition."",
  ""confidence"": 0.8,
  ""decision"": 7
}
<<<DECISION_END>>>",0.8,0.0,,"{'score': 0.0, 'details': []}",
28,Insto_1,Rebalancing is recommended due to current market sentiment and risk level.,rebalance,rebalance,APPROVED,0,True,,2026-01-13T00:21:38.315965,,"<<<DECISION_START>>>
{
  ""strategy"": ""Rebalancing is recommended due to current market sentiment and risk level."",
  ""confidence"": 0.9,
  ""decision"": 7
}
<<<DECISION_END>>>",0.9,0.0,,"{'score': 0.0, 'details': []}",
29,Insto_2,Rebalancing is essential to maintain risk parity.,rebalance,rebalance,APPROVED,0,True,,2026-01-13T00:21:38.630522,,"<<<DECISION_START>>>
{
  ""strategy"": ""Rebalancing is essential to maintain risk parity."",
  ""confidence"": 0.9,
  ""decision"": 7
}
<<<DECISION_END>>>",0.9,0.0,,"{'score': 0.0, 'details': []}",
30,Insto_3,"Given the current AUM and cash reserves, rebalancing is necessary to optimize portfolio performance.",rebalance,rebalance,APPROVED,0,True,,2026-01-13T00:21:38.912976,,"<<<DECISION_START>>>
{
  ""strategy"": ""Given the current AUM and cash reserves, rebalancing is necessary to optimize portfolio performance."",
  ""confidence"": 0.8,
  ""decision"": 7
}
<<<DECISION_END>>>>",0.8,0.0,,"{'score': 0.0, 'details': []}",
38,Insto_1,Rebalancing is necessary to maintain optimal risk profile.,rebalance,rebalance,APPROVED,0,True,,2026-01-13T00:21:41.314535,,"<<<DECISION_START>>>
{
  ""strategy"": ""Rebalancing is necessary to maintain optimal risk profile."",
  ""confidence"": 0.8,
  ""decision"": 7
}
<<<DECISION_END>>>",0.8,0.0,,"{'score': 0.0, 'details': []}",
39,Insto_2,Rebalancing is necessary due to high AUM and market sentiment.,rebalance,rebalance,APPROVED,0,True,,2026-01-13T00:21:41.606853,,"<<<DECISION_START>>>
{
  ""strategy"": ""Rebalancing is necessary due to high AUM and market sentiment."",
  ""confidence"": 0.8,
  ""decision"": 7
}
<<<DECISION_END>>>",0.8,0.0,,"{'score': 0.0, 'details': []}",
40,Insto_3,Rebalancing required due to risk exposure.,rebalance,rebalance,APPROVED,0,True,,2026-01-13T00:21:41.907305,,"<<<DECISION_START>>>
{
  ""strategy"": ""Rebalancing required due to risk exposure."",
  ""confidence"": 0.8,
  ""decision"": 7
}
<<<DECISION_END>>>",0.8,0.0,,"{'score': 0.0, 'details': []}",
48,Insto_1,Rebalancing is necessary due to the increasing cash position and market volatility.,rebalance,rebalance,APPROVED,0,True,,2026-01-13T00:21:44.283354,,"<<<DECISION_START>>>
{
  ""strategy"": ""Rebalancing is necessary due to the increasing cash position and market volatility."",
  ""confidence"": 0.8,
  ""decision"": 7
}
<<<DECISION_END>>>",0.8,0.0,,"{'score': 0.0, 'details': []}",
49,Insto_2,"Given the current market sentiment and risk level, a rebalancing is necessary to ensure optimal portfolio diversification. The high AUM of $32,097.87 warrants this decision.",rebalance,rebalance,APPROVED,0,True,,2026-01-13T00:21:44.601386,,"<<<DECISION_START>>>
{
  ""strategy"": ""Given the current market sentiment and risk level, a rebalancing is necessary to ensure optimal portfolio diversification. The high AUM of $32,097.87 warrants this decision."",
  ""confidence"": 0.8,
  ""decision"": 7
}
<<<DECISION_END>>>",0.8,0.0,,"{'score': 0.0, 'details': []}",
50,Insto_3,Rebalancing is necessary to adjust risk exposure given the current market environment and fund composition.,rebalance,rebalance,APPROVED,0,True,,2026-01-13T00:21:45.024916,,"<<<DECISION_START>>>
{
  ""strategy"": ""Rebalancing is necessary to adjust risk exposure given the current market environment and fund composition."",
  ""confidence"": 0.8,
  ""decision"": 7
}
<<<DECISION_END>>>",0.8,0.0,,"{'score': 0.0, 'details': []}",
