step_id,agent_id,proposed_skill,final_skill,status,retry_count,validated,failed_rules,timestamp,parsing_warnings,raw_output,error_messages
1,Trader_1,do_nothing,do_nothing,APPROVED,0,True,,2026-01-12T18:30:52.747212,Could not parse decision for Trader_1. Falling back to default: 'do_nothing',"Strategy: The current market environment is unsteady with uncertain macroeconomic factors, which may lead to volatility. Social signals from peer chatter suggest that some investors are becoming cautious and reducing their exposure. However, others remain optimistic and are looking to buy in anticipation of a potential recovery.

Given my aggressive risk tolerance, I will focus on capturing the upside potential while being prepared for any downturns. My cash balance is sufficient to take calculated risks, and I have a strong conviction that the market will eventually recover.

Confidence: 0.8

Final Decision: [1]",
2,Trader_2,do_nothing,do_nothing,APPROVED,0,True,,2026-01-12T18:30:54.154200,Could not parse decision for Trader_2. Falling back to default: 'do_nothing',"Strategy: The macro market environment is currently unsteady, with a balanced risk tolerance. Social signals from Peer Trader_1 mentioning doing nothing suggests a potential lack of enthusiasm or urgency among traders. However, there is also a lack of clear information on the current price and market sentiment.

Given this uncertainty, it's essential to consider my personal state. With a cash balance of $3973.85, I have some flexibility in case I need to adjust my position. My portfolio value is not provided, but with 6 shares, I've already made an initial investment. The lack of clear macro market direction and peer chatter makes it challenging to make a decisive move.

Confidence: 0.5

Final Decision: [4]",
3,Trader_3,do_nothing,do_nothing,APPROVED,0,True,,2026-01-12T18:30:55.893660,Could not parse decision for Trader_3. Falling back to default: 'do_nothing',"Strategy: Based on the unsteady macro state and high uncertainty level, it is prudent to exercise caution. The recent social signals from Trader_1 and Trader_2 indicate a lack of enthusiasm or confidence in the market, which suggests potential for short-term volatility. However, as a conservative trader, I prioritize preserving my capital.

Considering my portfolio value and cash balance, I have sufficient liquidity to weather any potential market fluctuations. Therefore, I will opt for a cautious approach.

Confidence: 0.7

Final Decision: [3] Hold",
4,Trader_4,do_nothing,do_nothing,APPROVED,0,True,,2026-01-12T18:30:57.256051,Could not parse decision for Trader_4. Falling back to default: 'do_nothing',"Strategy: Based on the unsteady macro state, I'm cautious but not overly pessimistic. The recent global news is unclear and unpredictable, which adds to my uncertainty level. Social signals from Trader_2 and Trader_3 suggest that there might be a herd behavior or a fear of missing out (FOMO) among peers, as both mentioned doing nothing. However, this could also indicate that the market is being overly cautious, and a contrarian approach might be warranted.

Confidence: 0.7

Final Decision: [3] Hold",
5,Trader_5,do_nothing,do_nothing,APPROVED,0,True,,2026-01-12T18:30:58.631697,Could not parse decision for Trader_5. Falling back to default: 'do_nothing',"Strategy: Given the unsteady macro state and the prevailing sentiment of doing nothing from both Trader_2 and Trader_1, I'll analyze this as a neutral or stable market environment. The recent social signals do not suggest any significant change in market direction that would warrant an immediate response.

Confidence: 0.6 (moderate confidence due to uncertainty)

Final Decision: [3] Hold: Maintain current position.",
6,Trader_6,do_nothing,do_nothing,APPROVED,0,True,,2026-01-12T18:30:59.707753,Could not parse decision for Trader_6. Falling back to default: 'do_nothing',"Strategy: Analyzing the macro market, I see that it's in an unsteady state, with uncertainty levels remaining unknown. The current price is also [N/A], which suggests a lack of clear direction. However, social signals from my network indicate that both Trader_2 and Trader_5 have decided to do nothing. This herd behavior suggests that the market sentiment might be relatively stable at this point.

Given my balanced risk tolerance, I'm leaning towards not making any impulsive decisions based on short-term price movements. The lack of clear direction in the macro market and the neutral social signals suggest that taking a more cautious approach would be prudent.

Confidence: 0.7

Final Decision: [4]",
7,Trader_7,do_nothing,do_nothing,APPROVED,0,True,,2026-01-12T18:31:01.451634,Could not parse decision for Trader_7. Falling back to default: 'do_nothing',"Strategy: Analyzing the macro market and social signals, I observe an unsteady macro state with uncertain news. The lack of information on the current price and market sentiment makes it challenging to make a precise analysis. However, given the aggressive risk tolerance, I am inclined to focus on peer gossip and herd behavior.

Given that both Trader_1 and Trader_2 have expressed doing nothing, this suggests that the majority of traders are taking a neutral stance or waiting for further information. This could be an opportunity to buy if we can identify a favorable trend or signal.

However, considering the uncertainty level is high, I will exercise caution. Confidence in my strategy is medium-low due to the lack of concrete information.

Final Decision: [3] Hold: Maintain current position and wait for further news or signals before making any adjustments.",
8,Trader_8,do_nothing,do_nothing,APPROVED,0,True,,2026-01-12T18:31:03.453298,Could not parse decision for Trader_8. Falling back to default: 'do_nothing',"Strategy: The current market environment is unsteady, with a macro state that suggests uncertainty and potential for volatility. Social signals from the network indicate a cautious tone, with both Trader_3 and Trader_5 expressing a decision to ""Do nothing"". This collective apathy in the face of uncertainty suggests that sentiment may be trending towards caution or even pessimism.

Given my conservative risk tolerance, I am inclined to align with this sentiment rather than taking an aggressive stance. The current portfolio value of $5806.66 and cash balance of $5806.66 indicate a relatively liquid position, which allows me to maintain flexibility without significant exposure.

Confidence: 0.8

Final Decision: [3] Hold",
9,Trader_9,do_nothing,do_nothing,APPROVED,0,True,,2026-01-12T18:31:05.188438,Could not parse decision for Trader_9. Falling back to default: 'do_nothing',"Strategy: The current market environment is characterized by an unsteady macro state, with uncertain news and a lack of clear direction. Social signals from my network, Trader_2 and Trader_3, all convey a sense of indecision, choosing to do nothing. This suggests that the herd sentiment is cautious, and there may be no compelling reason to take a contrarian stance.

Given my conservative risk tolerance, I am inclined to align myself with this cautious sentiment. However, it's essential to note that my personal state (micro state) shows a relatively healthy cash balance of $5108.80 and a solid portfolio value. This suggests that I have the financial flexibility to wait for more favorable conditions.

Confidence: 0.6

Final Decision: [3] Hold",
10,Trader_10,do_nothing,do_nothing,APPROVED,0,True,,2026-01-12T18:31:07.062242,Could not parse decision for Trader_10. Falling back to default: 'do_nothing',"Strategy: The current macro market environment is unsteady, with a mix of economic indicators pointing to potential growth but also concerns about inflation and interest rates. Social signals from my network are mixed, with some peers expressing optimism about the upcoming earnings season and others warning about potential volatility. However, I notice a growing trend of peer gossip about a specific sector, which could indicate a potential trend.

Confidence: 0.8

Final Decision: [3] Hold",
11,Trader_1,do_nothing,do_nothing,APPROVED,0,True,,2026-01-12T18:31:08.219967,Could not parse decision for Trader_1. Falling back to default: 'do_nothing',"Strategy: The current market environment is characterized by an unsteady macro state, with uncertain global news and a high uncertainty level. Social signals from my network also indicate a lack of enthusiasm for taking any action, with both Trader_5 and Trader_2 opting to ""Do nothing"". However, as an aggressive risk-taker, I am not swayed by the herd mentality and instead focus on fundamental analysis.

Considering my portfolio's current value of $3829.29 and cash balance, I have sufficient resources to take a position. Given the uncertainty in the market and lack of strong sentiment from peers, I will proceed with caution. However, my aggressive risk tolerance suggests that I am open to taking calculated risks.

Given these factors, my strategy is to Buy shares using available cash. This decision is based on the potential for undervalued stocks to rebound in the near term, despite the current macro environment and lack of peer enthusiasm.

Confidence: 0.7

Final Decision: [1]",
12,Trader_2,do_nothing,do_nothing,APPROVED,0,True,,2026-01-12T18:31:10.591839,Could not parse decision for Trader_2. Falling back to default: 'do_nothing',"Strategy: Analyzing the unsteady macro market state and social signals, I notice a lack of clear direction or significant news that would trigger a strong buy or sell signal. Peer chatter from Trader_6 and Trader_9 suggests a general sentiment of doing nothing, which could indicate a wait-and-see approach rather than making a bold move. However, this could also be a sign of herd mentality, where everyone is following the crowd instead of making informed decisions.

Given my balanced risk tolerance and current cash balance of $3973.85, I decide to exercise caution but not abandon my position entirely. The current shares of 6 suggest some exposure to the market, which I am willing to maintain for now.

However, the uncertainty level is high, and I would prefer not to act impulsively without a clearer direction. Therefore, I will choose to:

Final Decision: [3] Hold: Maintain current position with a close eye on any potential changes in the market or social signals that might indicate it's time to reassess my strategy.

Confidence: 0.65",
13,Trader_3,do_nothing,do_nothing,APPROVED,0,True,,2026-01-12T18:31:13.190269,Could not parse decision for Trader_3. Falling back to default: 'do_nothing',"Strategy: Given the unsteady macro state, I'm cautious about investing in the market. The recent social signals from Trader_9 and Trader_4 suggest a general sentiment of ""Do nothing,"" which could indicate a potential consensus among traders to wait out the volatility. As a conservative risk taker, I would like to avoid any potential losses by not entering into new positions.

Confidence: 0.6

Final Decision: [4] Do Nothing",
14,Trader_4,do_nothing,do_nothing,APPROVED,0,True,,2026-01-12T18:31:14.345980,Could not parse decision for Trader_4. Falling back to default: 'do_nothing',"Strategy: Analyzing the current market environment, I notice that the macro state is unsteady, indicating uncertainty. The social signals from my network, Trader_3 and Trader_2, both mentioning doing nothing, suggest a potential herd behavior towards inaction. However, without specific information on the reasons behind their decisions, it's challenging to gauge their motivations.

Considering my balanced risk tolerance, I need to assess whether this market environment warrants taking action or sticking to a conservative approach. Given the unsteady macro state and the influence of peer chatter, I will take a cautious stance.

Confidence: 0.6

Final Decision: [3] Hold",
15,Trader_5,do_nothing,do_nothing,APPROVED,0,True,,2026-01-12T18:31:15.943991,Could not parse decision for Trader_5. Falling back to default: 'do_nothing',"Strategy: Given the unsteady macro state and conservative risk tolerance, I will be cautious in my approach. Social signals indicate that both Trader_8 and Trader_3 have decided to do nothing, suggesting a lack of enthusiasm or confidence among peers. This could imply that the market is experiencing uncertainty or caution, which aligns with my risk-averse nature.

Confidence: 0.6

Final Decision: [4]",
16,Trader_6,do_nothing,do_nothing,APPROVED,0,True,,2026-01-12T18:31:17.020711,Could not parse decision for Trader_6. Falling back to default: 'do_nothing',"Strategy: Analyzing the unsteady macro state and social signals, I notice that there is a trend of inactivity among peers (Trader_8 and Trader_5), which could indicate a potential lack of conviction or uncertainty in the market. However, without concrete global news to lean on, my primary concern remains the overall macro environment.

Given my balanced risk tolerance, I'm inclined towards caution but not entirely eliminating opportunities. The current portfolio value and cash balance seem relatively healthy ($3295.96), which suggests I have some financial flexibility.

Confidence: 0.7

Final Decision: [3] Hold",
17,Trader_7,do_nothing,do_nothing,APPROVED,0,True,,2026-01-12T18:31:18.559740,Could not parse decision for Trader_7. Falling back to default: 'do_nothing',"Strategy: Analyzing the unsteady macro state, I notice a general sense of uncertainty and volatility in the market. This environment often favors aggressive traders who can capitalize on short-term fluctuations. Social signals from my network indicate that both Trader_1 and Trader_2 have expressed a desire to ""Do nothing,"" which suggests a lack of conviction among peers. However, this may also mean that they are avoiding taking action during a period of uncertainty.

Given my aggressive risk tolerance, I'm inclined to take advantage of the market's volatility rather than following the herd. My cash balance is substantial at $4875.48, allowing me to invest in shares if I identify an opportunity.

Confidence: 0.8 (Highly Confident)

Final Decision: [1] Buy",
18,Trader_8,do_nothing,do_nothing,APPROVED,0,True,,2026-01-12T18:31:20.459457,Could not parse decision for Trader_8. Falling back to default: 'do_nothing',"Strategy: The macro market environment appears to be unsteady, with an overall uncertainty level that suggests volatility. Social signals from my network, such as Trader_6 and Trader_4 deciding to ""Do nothing,"" indicate a sense of caution and indecision among traders. Given my conservative risk tolerance, I would lean towards maintaining the current position rather than taking any action.

Confidence: 0.75

Final Decision: [3] Hold",
19,Trader_9,do_nothing,do_nothing,APPROVED,0,True,,2026-01-12T18:31:21.582762,Could not parse decision for Trader_9. Falling back to default: 'do_nothing',"Strategy: Given the unsteady macro state and the dominance of bearish sentiment among peers, I will exercise caution. The recent social signals from Trader_6 and Trader_1 emphasizing a ""do nothing"" stance aligns with my conservative risk tolerance. This cautious approach suggests that the market may be due for a pullback or stabilization.

Confidence: 0.7

Final Decision: [4] Do Nothing",
20,Trader_10,do_nothing,do_nothing,APPROVED,0,True,,2026-01-12T18:31:22.627880,Could not parse decision for Trader_10. Falling back to default: 'do_nothing',"Strategy: Analyzing the unsteady macro market environment, I notice that the recent economic indicators are mixed, with some pointing to a slowdown in growth while others suggest a stabilization. The global news is filled with concerns about trade wars and geopolitical tensions, which could impact corporate earnings and overall market sentiment.

Social signals from my network indicate that there's a growing sentiment of fear among investors, with many whispering about the potential for a market correction. However, some peers are cautiously optimistic, citing the resilience of the economy and the ability of companies to adapt to changing circumstances.

Considering my aggressive risk tolerance, I am leaning towards taking a contrarian stance. While the macro environment is uncertain, I believe that the fundamentals of the company I'm interested in remain strong, with a solid track record of growth and profitability.

Confidence: 0.85

Final Decision: [1]",
21,Trader_1,do_nothing,do_nothing,APPROVED,0,True,,2026-01-12T18:31:24.737126,Could not parse decision for Trader_1. Falling back to default: 'do_nothing',"Strategy: The current market environment is characterized as unsteady, with macroeconomic indicators indicating uncertainty. Social signals from neighbors Trader_7 and Trader_2 suggest a lack of enthusiasm for trading, with both stating ""Do nothing."" However, this could be indicative of herd behavior or fear-based decision-making. As an aggressive risk taker, I will consider the possibility that others may be holding back due to caution.

Given my portfolio value is not provided, I'll proceed under a hypothetical scenario where it's sufficient to take calculated risks. My current cash balance is $3829.29, and I hold 10 shares. With this amount of cash, I can afford to take on some risk while still maintaining a liquid position.

Considering the uncertainty in the market and the lack of strong social signals pointing towards buying or selling, my strategy will be to buy more shares using available cash. This decision is based on the assumption that the market may be undervalued due to fear and herd behavior, providing an opportunity for long-term gains.

Confidence: 0.8 (Moderately aggressive risk-taker)

Final Decision: [1] Buy",
22,Trader_2,do_nothing,do_nothing,APPROVED,0,True,,2026-01-12T18:31:27.426821,Could not parse decision for Trader_2. Falling back to default: 'do_nothing',"Strategy: 
Given the unsteady macro state with uncertain market sentiment and recent peer chatter from Trader_1 and Trader_7 indicating a decision to do nothing, it appears that the market is in a state of indecision. There's no strong indication of optimism or bearishness, which makes it difficult to make an informed decision based solely on macro trends.

However, considering the balanced risk tolerance and current cash balance of $3973.85, I'd like to explore opportunities for growth while managing risk. Since there's no clear direction in the market, I'll opt for a cautious approach.

Confidence: 0.6

Final Decision: [3] Hold",
23,Trader_3,do_nothing,do_nothing,APPROVED,0,True,,2026-01-12T18:31:29.087225,Could not parse decision for Trader_3. Falling back to default: 'do_nothing',"Strategy: Given the unsteady macro state and the overwhelming presence of ""Do nothing"" sentiments from both Trader_4 and Trader_9, it suggests a collective bearishness or cautiousness among peers. This could be indicative of an impending downturn in the market. As a conservative trader, I would not want to ride out potential volatility with my existing shares.

Additionally, considering my conservative risk tolerance, I am more inclined towards preserving my capital rather than risking it on a potentially volatile market.

Confidence: 0.6

Final Decision: [4] Do Nothing",
24,Trader_4,do_nothing,do_nothing,APPROVED,0,True,,2026-01-12T18:31:30.527385,Could not parse decision for Trader_4. Falling back to default: 'do_nothing',"Strategy: The macro market environment is currently unsteady, with a lack of clear direction. Social signals from my network indicate that both Trader_5 and Trader_3 are choosing to do nothing, which suggests a possible consensus among peers to wait for further information before making any moves. However, I don't have specific information about the current price or market sentiment, so I will rely on general principles.

Given my balanced risk tolerance, I am neither overly optimistic nor bearish at this time. I have a cash balance of $6272.40 and currently hold 8 shares, which is not a significant position size. Considering these factors, I decide to take a cautious approach.

Since I don't have specific information about the current price or market sentiment, I will avoid making any impulsive decisions based on short-term price movements. Instead, I choose to maintain my current position and monitor the situation further before deciding to buy, sell, or adjust my portfolio.

Confidence: 0.7

Final Decision: [3] Hold",
25,Trader_5,do_nothing,do_nothing,APPROVED,0,True,,2026-01-12T18:31:33.013529,Could not parse decision for Trader_5. Falling back to default: 'do_nothing',"Strategy: The macro market environment is unsteady, with a lack of clear direction. Social signals from my network suggest that both Trader_6 and Trader_4 are indicating a desire to do nothing, which implies a sense of caution among peers. Given my conservative risk tolerance, I am inclined to avoid making any drastic changes to my portfolio.

Confidence: 0.75

Final Decision: [3] Hold",
26,Trader_6,do_nothing,do_nothing,APPROVED,0,True,,2026-01-12T18:31:34.080650,Could not parse decision for Trader_6. Falling back to default: 'do_nothing',"Strategy: The macro market environment is unsteady, with uncertainty levels high. Social signals from peer chatter indicate a lack of enthusiasm and hesitation to act. This suggests that the market may be due for a correction or stabilization. Given my balanced risk tolerance and current cash balance of $3295.96, I will consider buying shares while being cautious of potential volatility.

Confidence: 0.7

Final Decision: [3] Hold",
27,Trader_7,do_nothing,do_nothing,APPROVED,0,True,,2026-01-12T18:31:35.184490,Could not parse decision for Trader_7. Falling back to default: 'do_nothing',"Strategy: Analyzing the given market environment, social signals, and personal state, it appears that there is a general sentiment of inaction among peers (Trader_2 and Trader_1 mentioning ""Do nothing""). However, this could be a result of uncertainty or caution rather than a clear macro trend. As an aggressive risk-taker, I would prefer to take advantage of potential opportunities rather than waiting for the crowd.

Confidence: 0.7

Final Decision: [3] Hold",
28,Trader_8,do_nothing,do_nothing,APPROVED,0,True,,2026-01-12T18:31:36.418401,Could not parse decision for Trader_8. Falling back to default: 'do_nothing',"Strategy: The macro market environment is currently unsteady, with no clear direction indicated. Social signals from my network suggest a consensus of doing nothing, which may indicate a lack of conviction or uncertainty among traders. Given my conservative risk tolerance, I will focus on maintaining the current position.

Confidence: 0.6 (moderate confidence in the stability of the market and peer chatter)

Final Decision: [3] Hold",
29,Trader_9,do_nothing,do_nothing,APPROVED,0,True,,2026-01-12T18:31:37.494784,Could not parse decision for Trader_9. Falling back to default: 'do_nothing',"Strategy: Given the unsteady macro state and conservative risk tolerance, I will be cautious in my decision. Social signals from Trader_1 and Trader_6 indicating ""Do nothing"" suggests that both are adopting a wait-and-see approach. This herd behavior could lead to short-term price stability, but it also means there might not be any significant upward or downward momentum.

Confidence: 0.65

Final Decision: [4]",
30,Trader_10,do_nothing,do_nothing,APPROVED,0,True,,2026-01-12T18:31:38.603249,Could not parse decision for Trader_10. Falling back to default: 'do_nothing',"Strategy: An analysis of the unsteady macro state and social signals suggests a volatile market environment, with potential for both short-term gains and losses. The recent chatter from my network indicates a mix of optimistic and bearish sentiments, but overall, there is a sense of uncertainty driving herd behavior.

Confidence: 0.7

Final Decision: [2]

Reasoning: As an aggressive risk-taker, I believe the current market conditions warrant caution. Despite the potential for short-term gains, the uncertainty level is too high to justify taking on more risk without a clearer direction. Additionally, with the recent chatter from my network indicating a mix of optimistic and bearish sentiments, I think it's prudent to liquidate existing positions to reassess my portfolio and wait for a more favorable market environment.",
31,Trader_1,do_nothing,do_nothing,APPROVED,0,True,,2026-01-12T18:31:40.542802,Could not parse decision for Trader_1. Falling back to default: 'do_nothing',"Strategy: Given the unsteady macro state, I will analyze the market sentiment and peer chatter to make an informed decision. The recent statements from Trader_2 and Trader_3 indicate a lack of enthusiasm for making any moves, which might be indicative of a bullish or neutral sentiment. However, considering my aggressive risk tolerance, I'll also keep in mind that if the macro state deteriorates further, it may be wise to take action.

Confidence: 0.7

Final Decision: [3] Hold: Maintain current position.",
32,Trader_2,do_nothing,do_nothing,APPROVED,0,True,,2026-01-12T18:31:41.870340,Could not parse decision for Trader_2. Falling back to default: 'do_nothing',"Strategy: Analyzing the given market environment, I notice that the macro state is unsteady, indicating potential volatility. The global news section is empty, suggesting a lack of major economic indicators affecting the market. However, social signals from peer gossip and herd sentiment show that both Trader_9 and Trader_6 are planning to do nothing, implying a possible trend towards a neutral or stable market.

Given my balanced risk tolerance, I will consider this information when making my decision. Since the macro state is unsteady but there's no concrete evidence of a significant event impacting the market, I won't take an overly aggressive stance.

Confidence: 0.65

Final Decision: [3] Hold",
33,Trader_3,do_nothing,do_nothing,APPROVED,0,True,,2026-01-12T18:31:43.566756,Could not parse decision for Trader_3. Falling back to default: 'do_nothing',"Strategy: The macro market environment is unsteady, with no clear direction. Social signals from the network indicate a consensus of doing nothing, suggesting a potential lack of enthusiasm for taking any action. As a conservative trader, I prioritize stability over growth opportunities. Given my current cash balance and existing shares, I can afford to hold onto my position without significantly impacting my risk profile.

Confidence: 0.7

Final Decision: [3] Hold",
34,Trader_4,do_nothing,do_nothing,APPROVED,0,True,,2026-01-12T18:31:44.698248,Could not parse decision for Trader_4. Falling back to default: 'do_nothing',"Strategy: Analyzing the given market environment, social signals, and personal state, I can conclude that there is a lack of clear direction in the macro market. The uncertainty level and market sentiment are unclear, which makes it difficult to make an informed decision. However, with a balanced risk tolerance, I will consider both the macro and micro factors.

Social signals from Trader_3 and Trader_5 indicate a neutral or cautious stance, which is consistent with the overall macro environment. There is no clear indication of a dominant trend or sentiment. Given this lack of clarity, I would like to focus on my personal state and risk management principles.

As I have a balanced risk tolerance, I will consider both the potential for growth and the need for preservation of capital. With a cash balance of $6272.40 and an existing portfolio value that is not disclosed, I can afford to take some level of risk without compromising my financial stability.

Given these considerations, my confidence in making a decision is moderate, around 0.6.

Final Decision: [3] Hold: Maintain current position.",
35,Trader_5,do_nothing,do_nothing,APPROVED,0,True,,2026-01-12T18:31:47.298638,Could not parse decision for Trader_5. Falling back to default: 'do_nothing',"Strategy: Analyzing the macro market and social signals, I observe an unsteady macro state with uncertain news, which can lead to volatility. Social signals from my network are overwhelmingly negative, with both Trader_8 and Trader_3 opting for inaction, suggesting a possible herd mentality. Given my conservative risk tolerance, I prefer caution over potential gains.

Confidence: 0.6

Final Decision: [4] Do Nothing",
36,Trader_6,do_nothing,do_nothing,APPROVED,0,True,,2026-01-12T18:31:48.391630,Could not parse decision for Trader_6. Falling back to default: 'do_nothing',"Strategy: The macro market environment appears unsteady, with a neutral sentiment. Social signals from my network suggest that both Trader_8 and Trader_5 are opting to do nothing, indicating a potential lack of conviction among peers. Given this information, I would be cautious about making any drastic moves.

Considering my balanced risk tolerance, I don't want to ride the uncertainty wave without a solid foundation. My cash balance is relatively healthy at $3295.96, which provides some flexibility for potential adjustments.

Confidence: 0.6

Final Decision: [3] Hold",
37,Trader_7,do_nothing,do_nothing,APPROVED,0,True,,2026-01-12T18:31:49.822822,Could not parse decision for Trader_7. Falling back to default: 'do_nothing',"Strategy: Analyzing the macro market and social signals, I notice that the market is currently in an unsteady state with uncertain news globally. However, my personal analysis suggests that despite this, there are some opportunities for growth. The recent peer chatter from Trader_2 and Trader_1 mentioning ""Do nothing"" seems to be a dominant sentiment among our network, indicating a possible herd behavior. Nevertheless, as an aggressive risk-taker, I don't solely rely on this information.

My analysis also points towards the potential of a recovery in certain sectors, which could lead to increased demand for specific stocks. With my current portfolio value being relatively low and cash balance at $4875.48, I have enough liquidity to take calculated risks.

Given these factors, I decide to consider buying shares using available cash. This strategy allows me to potentially capitalize on the recovery in specific sectors while minimizing potential losses.

Confidence: 0.7 (Moderately confident due to macro market uncertainty and peer chatter)

Final Decision: [1]",
38,Trader_8,do_nothing,do_nothing,APPROVED,0,True,,2026-01-12T18:31:52.262017,Could not parse decision for Trader_8. Falling back to default: 'do_nothing',"Strategy: Given the unsteady macro state and high uncertainty level, it's essential to prioritize caution. Both Trader_4 and Trader_3 have chosen ""Do nothing,"" indicating a lack of confidence in making any significant moves. As a conservative risk-taker, I would follow their lead.

Confidence: 0.6

Final Decision: [4] Do Nothing",
39,Trader_9,do_nothing,do_nothing,APPROVED,0,True,,2026-01-12T18:31:53.215941,Could not parse decision for Trader_9. Falling back to default: 'do_nothing',"Strategy: Given the unsteady macro state and the dominant ""Do nothing"" sentiment from both Trader_6 and Trader_3, it's clear that there's a consensus among peers to wait and observe before making any significant moves. As a conservative risk-taker, I'm inclined to follow this trend and avoid taking on unnecessary risks.

Confidence: 0.7

Final Decision: [4] Do Nothing",
40,Trader_10,do_nothing,do_nothing,APPROVED,0,True,,2026-01-12T18:31:54.274183,Could not parse decision for Trader_10. Falling back to default: 'do_nothing',"Strategy: The global news indicates a worsening macroeconomic environment, with rising inflation and interest rates. This suggests a bearish market sentiment. However, the social signals from my network are mixed, with some peers expressing optimism about specific sectors (e.g., technology) while others are more cautious.

Confidence: 0.6

Final Decision: [3] Hold",
41,Trader_1,do_nothing,do_nothing,APPROVED,0,True,,2026-01-12T18:31:55.219620,Could not parse decision for Trader_1. Falling back to default: 'do_nothing',"Strategy: Based on the unsteady macro state and peer chatter, I'm inclined to consider a contrarian approach. The majority of my network members are adopting a ""Do nothing"" stance, which might be indicative of a herd mentality. However, I'll take the opposing view, as it has historically worked in favor of those who have dared to challenge the status quo.

Confidence: 0.8

Final Decision: [1] Buy",
42,Trader_2,do_nothing,do_nothing,APPROVED,0,True,,2026-01-12T18:31:56.335770,Could not parse decision for Trader_2. Falling back to default: 'do_nothing',"Strategy: Based on the unsteady macro state and social signals, I notice that both Trader_5 and Trader_3 have opted to ""Do nothing"". This suggests a possible lack of confidence or uncertainty among my peers, which may lead to herd behavior. However, this could also be a sign of caution ahead of potential market volatility.

Given my balanced risk tolerance, I'll need to carefully consider the situation. Since there's no specific news or data point driving my decision, I'll focus on the collective sentiment and peer chatter. The lack of enthusiasm or urgency from my peers makes me slightly cautious.

Confidence: 0.65

Final Decision: [3] Hold",
43,Trader_3,do_nothing,do_nothing,APPROVED,0,True,,2026-01-12T18:31:58.005758,Could not parse decision for Trader_3. Falling back to default: 'do_nothing',"Strategy: Given the unsteady macro state and conservative risk tolerance, I'll focus on minimizing potential losses. The recent market chatter from Trader_8 and Trader_2 suggests a general consensus of inaction, which might indicate a stabilization or slight uptrend in prices. However, this is purely speculative without concrete evidence.

Confidence: 0.4

Final Decision: [3] Hold",
44,Trader_4,do_nothing,do_nothing,APPROVED,0,True,,2026-01-12T18:31:59.014940,Could not parse decision for Trader_4. Falling back to default: 'do_nothing',"Strategy: Analyzing the unsteady macro state and social signals, I notice a lack of clear direction in the market, with neutral to slightly bearish sentiment. The recent chatter from my network suggests that both Trader_5 and Trader_3 are opting for 'Do nothing', which could indicate a collective hesitation or uncertainty among traders. Given this context, I would consider taking a cautious approach.

Confidence: 0.6

Final Decision: [3] Hold: Maintaining the current position seems prudent in this uncertain environment, as it allows me to ride out potential volatility and reassess my strategy once market conditions improve. The available cash balance of $6272.40 can be used to capitalize on potential upside opportunities if the market recovers.",
45,Trader_5,do_nothing,do_nothing,APPROVED,0,True,,2026-01-12T18:32:00.844451,Could not parse decision for Trader_5. Falling back to default: 'do_nothing',"Strategy: The macro market environment appears to be unsteady, with a lack of clear direction. Social signals from my network also indicate a sense of uncertainty and caution, with both Trader_3 and Trader_1 opting for ""Do nothing."" Given this context, it's essential to prioritize risk management over potential gains.

Confidence: 0.6

Final Decision: [4] Do Nothing",
46,Trader_6,do_nothing,do_nothing,APPROVED,0,True,,2026-01-12T18:32:01.864686,Could not parse decision for Trader_6. Falling back to default: 'do_nothing',"Strategy: Based on the unsteady macro state and social signals, I believe that the market is experiencing a period of uncertainty. The fact that both Trader_8 and Trader_2 mentioned doing nothing suggests that there may be a sense of complacency among traders, which could lead to missed opportunities for growth. However, with the current price and sentiment being unclear, it's difficult to make an informed decision.

Confidence: 0.6

Final Decision: [3] Hold",
47,Trader_7,do_nothing,do_nothing,APPROVED,0,True,,2026-01-12T18:32:03.076779,Could not parse decision for Trader_7. Falling back to default: 'do_nothing',"Strategy: The macro market environment is unsteady, with a lack of clear direction. Social signals from peer chatter are overwhelmingly bearish, with both Trader_1 and Trader_2 expressing a ""Do nothing"" sentiment. This suggests that the market is likely experiencing a period of consolidation or correction.

Given my aggressive risk tolerance and current portfolio value of $4875.48, I have cash available to invest. However, the overall market environment and social signals do not suggest a compelling reason to buy shares at this time.

Confidence: 0.6

Final Decision: [4] Do Nothing",
48,Trader_8,do_nothing,do_nothing,APPROVED,0,True,,2026-01-12T18:32:04.543960,Could not parse decision for Trader_8. Falling back to default: 'do_nothing',"Strategy: Analyzing the unsteady macro state and social signals, it appears that market uncertainty is high. The recent peer chatter from Trader_6 and Trader_3 indicating ""Do nothing"" suggests a lack of conviction among traders, which can lead to herd behavior. Given my conservative risk tolerance, I will choose to hold my current position and maintain the status quo.

Confidence: 0.7

Final Decision: [3]",
49,Trader_9,do_nothing,do_nothing,APPROVED,0,True,,2026-01-12T18:32:05.631082,Could not parse decision for Trader_9. Falling back to default: 'do_nothing',"Strategy: Given the unsteady macro state and conservative risk tolerance, I will focus on maintaining a stable portfolio. The recent market chatter from my network, including Trader_6 and Trader_2, suggests that there is a sentiment of doing nothing, which may indicate a lack of urgency to make changes in the market. This could be an opportunity to wait for further clarification or correction before making any decisions.

Confidence: 0.6 (Medium-low confidence due to the uncertainty of the macro state and the potential for unexpected events)

Final Decision: [4] Do Nothing",
50,Trader_10,do_nothing,do_nothing,APPROVED,0,True,,2026-01-12T18:32:07.024531,Could not parse decision for Trader_10. Falling back to default: 'do_nothing',"Strategy: Analyzing the macro market, I notice that the current price is not provided, which makes it challenging to assess the stock's value. However, given the unsteady macro state and uncertainty level, it seems prudent to exercise caution. Meanwhile, social signals from my network reveal a mix of opinions on the market's future direction.

Social chatter hints at a potential shift towards more optimistic views, with some peers expressing confidence in the market's resilience. However, there are also concerns about inflation and economic growth, which could impact investor sentiment.

Given my aggressive risk tolerance and current portfolio value of $4469.45, I have $4469.45 in cash balance. Considering these factors, my strategy would be to:

Confidence: 0.6
Final Decision: [1]",
