step_id,agent_id,proposed_skill,final_skill,status,retry_count,validated,failed_rules,timestamp,reason_tp_label,reason_tp_reason,reason_cp_label,reason_cp_reason,error_messages
1,Agent_1,do_nothing,do_nothing,APPROVED,0,True,,2026-01-11T16:39:40.807031,Med,I perceive a moderate threat from the potential flood risks due to my current lack of elevated protection and doubts about my insurance company.,Low,"despite some concerns, I feel somewhat uncertain about how well I can prepare for or respond to potential flooding, particularly given my limited knowledge and skepticism towards neighbors' advice.",
2,Agent_10,do_nothing,do_nothing,APPROVED,0,True,,2026-01-11T16:39:41.453769,Low,"Although I have a flood insurance policy, I'm skeptical about the company's ability to provide adequate protection and support in case of an event.",Med,"despite having some doubts, I still believe that my community's overall safety record suggests a low risk of flooding this year, which motivates me to take action but also leaves me uncertain about how well I can cope with any potential issues.",
3,Agent_100,do_nothing,do_nothing,APPROVED,0,True,,2026-01-11T16:39:41.967865,Low,"Although I am skeptical about my neighbors' judgment and have doubts about the insurance company, no flood occurred this year.",Med,", although I observe 0% of my neighbors have elevated homes, I have slight doubts about the insurance company, which makes me question the effectiveness of my current measures to protect myself against flooding.",
4,Agent_11,do_nothing,do_nothing,APPROVED,0,True,,2026-01-11T16:39:42.398012,Low,I have no reason to believe that the flood risk has increased since last year.,Med,"while I generally trust my neighbors' judgment, I also have some doubts about the insurance company and no one else in my neighborhood has elevated their homes or relocated.",
5,Agent_12,do_nothing,do_nothing,APPROVED,0,True,,2026-01-11T16:39:42.783488,Low,"Although I'm aware that my neighborhood has never experienced a flood in the past year, the memory of previous floods and the fact that none of my neighbors have taken action to elevate their homes makes me feel like there's still some risk involved.",Med,"Despite having no immediate threat, I'm slightly skeptical about the effectiveness of traditional flood insurance, as well as the judgment of my neighbors who haven't elevated their homes. This uncertainty leaves me feeling somewhat uncertain about how well I can cope or act in a flood situation.",
6,Agent_13,do_nothing,do_nothing,APPROVED,0,True,,2026-01-11T16:39:43.411916,Low,"Although I have some doubts about the severity of the flood risk and the insurance company's reliability, my neighbors' experience with no flooding this year suggests that the threat is relatively low.",Med,"While I am generally confident in my ability to manage risks, my skepticism towards my neighbors' judgment and the insurance company might make me question my own decision-making capacity.",
7,Agent_14,do_nothing,do_nothing,APPROVED,1,True,,2026-01-11T16:39:43.873204,Low,"Although I have flood insurance and live in a high-risk area, my memories indicate that no floods occurred this year and my neighbors have not experienced any significant issues.",Low,"Given the limited ability to act due to financial constraints, I worry that my coping mechanisms may not be effective in preventing or mitigating future flood damage.",
8,Agent_15,do_nothing,do_nothing,APPROVED,0,True,,2026-01-11T16:39:44.795413,Low,"Although I have a strong attachment to my community and the lack of flooding this year may alleviate some concerns, I remain skeptical about my neighbors' judgment and the potential for future flooding.",Med,"While I observe that none of my neighbors have elevated their homes, I am hesitant to trust their judgments and am unsure if they are adequately prepared or informed about flood risks.",
9,Agent_16,do_nothing,do_nothing,APPROVED,0,True,,2026-01-11T16:39:45.286890,Low,"Despite having slight doubts about the insurance company, there is no immediate threat this year and my current neighborhood conditions (0% of neighbors with elevated homes) suggest that the risk might be low.",Med,"I have some confidence in my ability to act on a decision but am also skeptical of my neighbors' judgment, which makes me hesitant to take bold steps without more information.",
10,Agent_17,do_nothing,do_nothing,APPROVED,0,True,,2026-01-11T16:39:45.782314,Low,"Although I have slight doubts about my insurance company and no flood occurred this year, the threat of future flooding seems relatively low given no immediate damage occurred.",Med,I generally trust my neighbors' judgment but still need to take some action to feel more secure in case a flood occurs.,
