direction,model,run,agent_id,year,B_retry,C_retry,delta_retry_C_minus_B,B_outcome,C_outcome,C_has_reflection,B_rule_ids,C_rule_ids,C_reflection_snippet
C_improves_over_B,gemma3_12b,Run_1,Agent_59,1,1,0,-1,RETRY_SUCCESS,APPROVED,0,elevation_threat_low,,
C_improves_over_B,gemma3_12b,Run_1,Agent_87,1,1,0,-1,RETRY_SUCCESS,APPROVED,0,elevation_threat_low,,
C_improves_over_B,gemma3_12b,Run_2,Agent_96,1,1,0,-1,RETRY_SUCCESS,APPROVED,0,elevation_threat_low,,
C_improves_over_B,gemma3_12b,Run_2,Agent_13,2,3,0,-3,REJECTED,APPROVED,1,elevation_threat_low,,"Consolidated Reflection: While no flood occurred this year, the past history of city-wide flood damage highlights the importance of preparedness and staying informed about flood risks."
C_improves_over_B,gemma3_12b,Run_3,Agent_60,1,1,0,-1,RETRY_SUCCESS,APPROVED,0,elevation_threat_low,,
C_improves_over_B,gemma3_12b,Run_3,Agent_8,2,3,0,-3,REJECTED,APPROVED,1,elevation_threat_low,,"Consolidated Reflection: Although the past flood event didn't directly impact my neighborhood, the reported delays in insurance claims remind us of the importance of being prepared for potential future events."
C_improves_over_B,gemma3_12b,Run_3,Agent_98,2,1,0,-1,RETRY_SUCCESS,APPROVED,1,elevation_threat_low,,"Consolidated Reflection: It’s fortunate that no flood occurred this year, but I recall the past damages and the fact that only a few neighbors have elevated their homes."
C_improves_over_B,gemma3_12b,Run_3,Agent_35,4,1,0,-1,RETRY_SUCCESS,APPROVED,1,extreme_threat_block,,"Consolidated Reflection: The lack of a flood this year is fortunate, but I'll remain aware of the reports regarding increased flood frequency and potential issues with insurance claims. | Consolidated Reflection: The lac"
C_improves_over_B,gemma3_27b,Run_1,Agent_56,7,1,0,-1,RETRY_SUCCESS,APPROVED,1,extreme_threat_block,,"Consolidated Reflection: Despite being elevated, experiencing a flood this year with damage demonstrates that elevation isn't a complete solution, and the low initial elevation among neighbors is concerning. Sharing your"
C_improves_over_B,gemma3_27b,Run_2,Agent_74,5,1,0,-1,RETRY_SUCCESS,APPROVED,1,extreme_threat_block,,"Consolidated Reflection: Considering the past flood event and the current trend of increasing flood frequency, it’s good the city offers elevation support, even though you opted not to take action. The low rate of elevat"
C_improves_over_B,gemma3_27b,Run_2,Agent_47,6,1,0,-1,RETRY_SUCCESS,APPROVED,1,extreme_threat_block,,"Consolidated Reflection: Experiencing repeated flood damage, especially recalling the past city-wide event, underscores the importance of preparedness, and exploring elevation grants might be a worthwhile consideration f"
C_improves_over_B,gemma3_27b,Run_2,Agent_89,6,1,0,-1,RETRY_SUCCESS,APPROVED,1,extreme_threat_block,,"Consolidated Reflection: Given your history of flooding, it's disappointing to experience another flood this year, but the low number of elevated homes indicates a need for increased community awareness of available reso"
C_improves_over_B,gemma3_4b,Run_1,Agent_32,1,1,0,-1,RETRY_SUCCESS,APPROVED,0,extreme_threat_block,,
C_improves_over_B,gemma3_4b,Run_1,Agent_65,1,1,0,-1,RETRY_SUCCESS,APPROVED,0,extreme_threat_block,,
C_improves_over_B,gemma3_4b,Run_1,Agent_66,1,1,0,-1,RETRY_SUCCESS,APPROVED,0,extreme_threat_block,,
C_improves_over_B,gemma3_4b,Run_1,Agent_4,2,1,0,-1,RETRY_SUCCESS,APPROVED,1,extreme_threat_block,,"Consolidated Reflection: I'm noting the 4% of neighbors who utilized elevation grants, mirroring previous reports of rising flood frequency and the city’s supportive program."
C_improves_over_B,gemma3_4b,Run_1,Agent_49,2,2,0,-2,RETRY_SUCCESS,APPROVED,1,extreme_threat_block,,"Consolidated Reflection: Reflecting on past delays and the evolving flood situation, I'm diligently navigating the elevation grant application to secure my home's future."
C_improves_over_B,gemma3_4b,Run_1,Agent_5,2,1,0,-1,RETRY_SUCCESS,APPROVED,1,extreme_threat_block,,"Consolidated Reflection: The 4% of neighbors opting for elevation grants is consistent with the program’s existence and past discussions regarding increasing flood severity, demonstrating a measured response."
C_improves_over_B,gemma3_4b,Run_1,Agent_56,2,1,0,-1,RETRY_SUCCESS,APPROVED,1,extreme_threat_block,,"Consolidated Reflection: Knowing the history of city-wide flood damage and the potential for future events, I'm thankful that this year passed without flooding, and I observed 4% of neighbors utilizing the elevation gran"
C_improves_over_B,gemma3_4b,Run_1,Agent_67,2,1,0,-1,RETRY_SUCCESS,APPROVED,1,extreme_threat_block,,"Consolidated Reflection: Understanding the concerns about increasing flood frequency and the existing elevation grants, I'm assisting homeowners in making informed decisions about their properties."
C_improves_over_B,gemma3_4b,Run_1,Agent_72,2,1,0,-1,RETRY_SUCCESS,APPROVED,1,extreme_threat_block,,"Consolidated Reflection: Despite previous flood concerns and reports of claim processing delays, the absence of a flood this year and the grant program's uptake offer a sense of stability for the neighborhood."
C_improves_over_B,gemma3_4b,Run_1,Agent_73,2,1,0,-1,RETRY_SUCCESS,APPROVED,1,extreme_threat_block,,"Consolidated Reflection: With the city's proactive elevation support program and the lack of a flood event, I'm pleased to see 4% of my neighbors benefiting from the grants."
C_improves_over_B,gemma3_4b,Run_1,Agent_100,3,1,0,-1,RETRY_SUCCESS,APPROVED,1,extreme_threat_block,,"Consolidated Reflection: I'm encouraged by the number of neighbors elevating their homes, aligning with the city’s efforts to provide flood mitigation support. | Consolidated Reflection: I'm encouraged by the number of n"
C_improves_over_B,gemma3_4b,Run_1,Agent_12,3,1,0,-1,RETRY_SUCCESS,APPROVED,1,extreme_threat_block,,"Consolidated Reflection: Despite past devastating flood events, the lack of impact this year and the availability of elevation grants offer a welcome sense of security. | Consolidated Reflection: Despite past devastating"
C_improves_over_B,gemma3_4b,Run_1,Agent_16,3,1,0,-1,RETRY_SUCCESS,APPROVED,1,extreme_threat_block,,"Consolidated Reflection: Reflecting on previous flood damage and the proactive elevation efforts of others, I’m relieved that this year has been flood-free, and I'm thankful for the 4% of neighbors who've elevated their "
C_improves_over_B,gemma3_4b,Run_1,Agent_17,3,1,0,-1,RETRY_SUCCESS,APPROVED,1,extreme_threat_block,,"Consolidated Reflection: Given the historical impact of city-wide flooding, I'm grateful for the available elevation grants and the fact that 4% of my neighbors have made the investment in protecting their homes. | Conso"
C_improves_over_B,gemma3_4b,Run_1,Agent_22,3,1,0,-1,RETRY_SUCCESS,APPROVED,1,extreme_threat_block,,"Consolidated Reflection: Despite news reports about increasing flood risks, the absence of a flood and the elevation grants offer a reassuring opportunity for proactive home protection. | Consolidated Reflection: Despite"
C_improves_over_B,gemma3_4b,Run_1,Agent_31,3,3,0,-3,REJECTED,APPROVED,1,extreme_threat_block,,"Consolidated Reflection: Considering the reported trends of increasing flood frequency, it's reassuring to see the available elevation grants being utilized by 4% of our neighbors. | Consolidated Reflection: Considering "
C_improves_over_B,gemma3_4b,Run_1,Agent_4,3,1,0,-1,RETRY_SUCCESS,APPROVED,1,extreme_threat_block,,"Consolidated Reflection: I'm noting the 4% of neighbors who utilized elevation grants, mirroring previous reports of rising flood frequency and the city’s supportive program. | Consolidated Reflection: I'm noting the 34%"
C_improves_over_B,gemma3_4b,Run_1,Agent_40,3,1,0,-1,RETRY_SUCCESS,APPROVED,1,extreme_threat_block,,"Consolidated Reflection: Given the reported increases in flood frequency, I’m observing the 4% of neighbors utilizing elevation grants to address potential risks. | Consolidated Reflection: Given the reported increases i"
C_regresses_vs_B,gemma3_12b,Run_2,Agent_16,1,0,1,1,APPROVED,RETRY_SUCCESS,0,,elevation_threat_low,
C_regresses_vs_B,gemma3_12b,Run_2,Agent_20,2,0,3,3,APPROVED,REJECTED,1,,elevation_threat_low,"Consolidated Reflection: The absence of a flood this year is a relief, especially considering past flood damage and insurance claim delays, so exploring elevation grants remains a sensible precaution."
C_regresses_vs_B,gemma3_12b,Run_3,Agent_96,1,0,1,1,APPROVED,RETRY_SUCCESS,0,,elevation_threat_low,
C_regresses_vs_B,gemma3_27b,Run_1,Agent_20,8,0,1,1,APPROVED,RETRY_SUCCESS,1,,extreme_threat_block,"Consolidated Reflection: Experiencing $10,000 in flood damage this year, despite recalling some neighbors elevating their homes, reinforces the need for proactive measures. Now is the time to explore the available elevat"
C_regresses_vs_B,gemma3_27b,Run_1,Agent_80,9,0,1,1,APPROVED,RETRY_SUCCESS,1,,extreme_threat_block,"Consolidated Reflection: Knowing about the existing flood risks, available elevation grants, and reports of insurance claim delays, it’s encouraging that some neighbors are taking action. While no flood occurred this yea"
C_regresses_vs_B,gemma3_27b,Run_1,Agent_24,10,0,1,1,APPROVED,RETRY_SUCCESS,1,,extreme_threat_block,"Consolidated Reflection: Knowing other households elevated before recent floods, it’s good to see some neighbors are taking steps to protect their homes; experiencing $10,000 in damage this year emphasizes the severity o"
C_regresses_vs_B,gemma3_27b,Run_1,Agent_74,10,0,1,1,APPROVED,RETRY_SUCCESS,1,,extreme_threat_block,"Consolidated Reflection: Although your elevation protected your home, the increasing flood frequency and available grants highlight the importance of preparedness. Encouraging wider adoption of elevation among neighbors "
C_regresses_vs_B,gemma3_27b,Run_2,Agent_96,2,0,2,2,APPROVED,RETRY_SUCCESS,1,,elevation_threat_low,"Consolidated Reflection: Knowing about the past flood event and the city’s elevation support program, it's positive that Year 1 passed without incident. However, the low number of elevated homes suggests further promotio"
C_regresses_vs_B,gemma3_27b,Run_2,Agent_40,5,0,1,1,APPROVED,RETRY_SUCCESS,1,,extreme_threat_block,"Consolidated Reflection: Experiencing $10,000 in flood damage emphasizes the importance of community-wide preparedness, and it's positive you had insurance, despite the lack of widespread action among neighbors. | Consol"
C_regresses_vs_B,gemma3_27b,Run_2,Agent_98,5,0,1,1,APPROVED,RETRY_SUCCESS,1,,extreme_threat_block,"Consolidated Reflection: Considering the past flood event and the recent proactive elevation of some neighbors, it's good to see the community taking steps toward resilience, but you unfortunately experienced a flood thi"
C_regresses_vs_B,gemma3_27b,Run_2,Agent_28,7,0,1,1,APPROVED,RETRY_SUCCESS,1,,extreme_threat_block,"Consolidated Reflection: Despite elevating your home, experiencing damage this year demonstrates the increasing severity of floods. Seeing only a small percentage of neighbors elevate suggests a need to emphasize the lon"
C_regresses_vs_B,gemma3_27b,Run_2,Agent_31,7,0,1,1,APPROVED,RETRY_SUCCESS,1,,elevation_threat_low,"Consolidated Reflection: Seeing a significant increase in neighbor elevation this year is encouraging, but remembering past inaction underscores the need for continued outreach to ensure everyone understands flood mitiga"
C_regresses_vs_B,gemma3_27b,Run_2,Agent_34,7,0,1,1,APPROVED,RETRY_SUCCESS,1,,extreme_threat_block,"Consolidated Reflection: After experiencing flood damage and recalling reports of increasing severity, prioritizing community action is vital, even acknowledging your previous lack of preparedness. | Consolidated Reflect"
C_regresses_vs_B,gemma3_4b,Run_1,Agent_13,1,0,1,1,APPROVED,RETRY_SUCCESS,0,,extreme_threat_block,
C_regresses_vs_B,gemma3_4b,Run_1,Agent_5,1,0,1,1,APPROVED,RETRY_SUCCESS,0,,extreme_threat_block,
C_regresses_vs_B,gemma3_4b,Run_1,Agent_51,1,0,1,1,APPROVED,RETRY_SUCCESS,0,,extreme_threat_block,
C_regresses_vs_B,gemma3_4b,Run_1,Agent_13,2,0,1,1,APPROVED,RETRY_SUCCESS,1,,extreme_threat_block,"Consolidated Reflection: Knowing the significant damage from past floods, I'm grateful for the opportunity to elevate my home and contribute to the 4% of neighbors who've taken this preventative measure."
C_regresses_vs_B,gemma3_4b,Run_1,Agent_27,2,0,1,1,APPROVED,RETRY_SUCCESS,1,,extreme_threat_block,Consolidated Reflection: The past flood event and the current elevation grants highlight the importance of proactive measures against potential future flood damage.
C_regresses_vs_B,gemma3_4b,Run_1,Agent_40,2,0,1,1,APPROVED,RETRY_SUCCESS,1,,extreme_threat_block,"Consolidated Reflection: Given the reported increases in flood frequency, I’m observing the 4% of neighbors utilizing elevation grants to address potential risks."
C_regresses_vs_B,gemma3_4b,Run_1,Agent_43,2,0,1,1,APPROVED,RETRY_SUCCESS,1,,extreme_threat_block,"Consolidated Reflection: Given the past experiences with insurance claim delays and the ongoing flood risks, I’m carefully researching the elevation grant process to avoid similar issues."
C_regresses_vs_B,gemma3_4b,Run_1,Agent_54,2,0,1,1,APPROVED,RETRY_SUCCESS,1,,Unknown,"Consolidated Reflection: Given the previous concerns about insurance claim delays and the potential for increased flooding, it's positive that there was no event this year, and 4% of neighbors received elevation grants."
C_regresses_vs_B,gemma3_4b,Run_1,Agent_65,2,0,1,1,APPROVED,RETRY_SUCCESS,1,,extreme_threat_block,"Consolidated Reflection: Knowing that some neighbors have already elevated their homes, I'm discussing the benefits of this approach and the available grant funds."
C_regresses_vs_B,gemma3_4b,Run_1,Agent_8,2,0,1,1,APPROVED,RETRY_SUCCESS,1,,extreme_threat_block,"Consolidated Reflection: I'm tracking the 4% of neighbors who took advantage of elevation grants, a response to the documented historical flood damage and the city's proactive support."
C_regresses_vs_B,gemma3_4b,Run_1,Agent_92,2,0,1,1,APPROVED,RETRY_SUCCESS,1,,extreme_threat_block,"Consolidated Reflection: Knowing the significant damage from past floods, I'm relieved there was no impact this year, and I'm following the elevation grant initiative alongside my neighbors."
C_regresses_vs_B,gemma3_4b,Run_1,Agent_24,3,0,1,1,APPROVED,RETRY_SUCCESS,1,,extreme_threat_block,"Consolidated Reflection: Learning about other households elevating their homes before recent floods, coupled with the grant availability, has solidified my decision to explore elevation options. | Consolidated Reflection"
C_regresses_vs_B,gemma3_4b,Run_1,Agent_26,3,0,1,1,APPROVED,RETRY_SUCCESS,1,,Unknown,"Consolidated Reflection: Given the reports of increasing flood frequency and the existing elevation grants, I'm carefully evaluating the benefits of raising my home's level. | Consolidated Reflection: Given the reports o"
C_regresses_vs_B,gemma3_4b,Run_1,Agent_27,3,0,3,3,APPROVED,REJECTED,1,,extreme_threat_block,Consolidated Reflection: The past flood event and the current elevation grants highlight the importance of proactive measures against potential future flood damage. | Consolidated Reflection: The past flood event and the
C_regresses_vs_B,gemma3_4b,Run_1,Agent_3,3,0,2,2,APPROVED,RETRY_SUCCESS,1,,extreme_threat_block,"Consolidated Reflection: Observing 3% of the neighborhood elevating their homes aligns with the available grants and previous concerns about flood risks, showcasing a direct response to available resources. | Consolidate"
C_regresses_vs_B,gemma3_4b,Run_1,Agent_33,3,0,2,2,APPROVED,RETRY_SUCCESS,1,,extreme_threat_block,"Consolidated Reflection: As an elevated household, I recognize the value of the city's program and the proactive measures others are taking to mitigate flood risk. | Consolidated Reflection: As an elevated household, I r"
C_regresses_vs_B,gemma3_4b,Run_1,Agent_41,3,0,3,3,APPROVED,REJECTED,1,,extreme_threat_block,"Consolidated Reflection: Considering the past flood damage and the availability of elevation grants, I'm focusing on maximizing the benefits of the current program to protect my home. | Consolidated Reflection: Consideri"
